<?xml version="1.0" encoding="UTF-8"?>
<includes>

    <include name="View_56_Banners">
        <control type="group">
            <visible>Control.IsVisible(56)</visible>
            <include>Animation_Down</include>
            <include content="Viewtype_Banner">
                <param name="id" value="56" />
                <param name="height" value="600" />
                <animation effect="fade" end="0" condition="true">Conditional</animation>
                <scrolltime>0</scrolltime>
                <left>-80</left>
                <width>900</width>
                <bottom>-20</bottom>
                <include>Viewtype_Movement</include>
                <onup>SetFocus(9000)</onup>
                <ondown>60</ondown>
                <onfocus condition="!Skin.HasSetting(NoFanart)">SetProperty(TMDbHelper.Blur.SourceImage,Art(banner)|Art(tvshow.banner)|Art(fanart)|Art(tvshow.fanart),Home)</onfocus>

                <onfocus condition="Skin.HasSetting(NoFanart)">SetProperty(TMDbHelper.Blur.SourceImage,Art(fallback),Home)</onfocus>

                <pagecontrol>60</pagecontrol>
                <onfocus>ClearProperty(TMDbHelper.WidgetContainer,Home)</onfocus>
                <visible>$EXP[Exp_View_56]</visible>
                <visible>!Window.IsVisible(MyPlaylist.xml)</visible>
                <visible>!String.IsEqual(Container.Property(Param.Info),details)</visible>
            </include>
            <include content="Home_Hub_Widget_Label">
                <param name="id" value="56" />
                <param name="label" value="$VAR[Label_Header_Center]" />
                <param name="altlabel" value="$INFO[Control.GetLabel(3),, ]$INFO[Control.GetLabel(4)]" />
                <top>120</top>
            </include>

            <include content="View_56_Banners_Wall">
                <param name="id" value="56" />
            </include>


        </control>
    </include>

    <include name="View_56_Banners_Wall">
        <control type="grouplist">
            <left>-920</left>
            <right>-920</right>
            <bottom>-20</bottom>
            <height>600</height>
            <usecontrolcoords>true</usecontrolcoords>
            <orientation>horizontal</orientation>
            <itemgap>0</itemgap>
            <animation effect="slide" tween="quadratic" time="400" reversible="false" end="-900" condition="!Container($PARAM[id]).OnScrollNext">Conditional</animation>
            <animation effect="slide" tween="quadratic" time="400" reversible="false" end="900" condition="!Container($PARAM[id]).OnScrollPrevious">Conditional</animation>

            <visible>Container($PARAM[id]).Position(0)</visible>
            <control type="grouplist">
                <height>600</height>
                <width>900</width>
                <usecontrolcoords>true</usecontrolcoords>
                <orientation>vertical</orientation>
                <itemgap>0</itemgap>
                <include content="View_56_Banners_WallItem">
                    <param name="id" value="$PARAM[id]" />
                    <param name="pos" value="-3" />
                </include>
                <include content="View_56_Banners_WallItem">
                    <param name="id" value="$PARAM[id]" />
                    <param name="pos" value="-2" />
                </include>
                <include content="View_56_Banners_WallItem">
                    <param name="id" value="$PARAM[id]" />
                    <param name="pos" value="-1" />
                </include>
            </control>
            <control type="grouplist">
                <height>600</height>
                <width>900</width>
                <usecontrolcoords>true</usecontrolcoords>
                <orientation>vertical</orientation>
                <itemgap>0</itemgap>
                <include content="View_56_Banners_WallItem">
                    <param name="id" value="$PARAM[id]" />
                    <param name="pos" value="0" />
                    <param name="selectbox" value="true" />
                </include>
                <include content="View_56_Banners_WallItem">
                    <param name="id" value="$PARAM[id]" />
                    <param name="pos" value="1" />
                </include>
                <include content="View_56_Banners_WallItem">
                    <param name="id" value="$PARAM[id]" />
                    <param name="pos" value="2" />
                </include>
            </control>
            <control type="grouplist">
                <height>600</height>
                <width>900</width>
                <usecontrolcoords>true</usecontrolcoords>
                <orientation>vertical</orientation>
                <itemgap>0</itemgap>
                <include content="View_56_Banners_WallItem">
                    <param name="id" value="$PARAM[id]" />
                    <param name="pos" value="3" />
                    <param name="altvisible" value="!Container($PARAM[id]).HasNext" />
                    <param name="altpos" value="0" />
                </include>
                <include content="View_56_Banners_WallItem">
                    <param name="id" value="$PARAM[id]" />
                    <param name="pos" value="4" />
                    <param name="altvisible" value="!Container($PARAM[id]).HasNext" />
                    <param name="altpos" value="1" />
                </include>
                <include content="View_56_Banners_WallItem">
                    <param name="id" value="$PARAM[id]" />
                    <param name="pos" value="5" />
                    <param name="altvisible" value="!Container($PARAM[id]).HasNext" />
                    <param name="altpos" value="2" />
                </include>
            </control>

            <control type="grouplist">
                <height>600</height>
                <width>900</width>
                <usecontrolcoords>true</usecontrolcoords>
                <orientation>vertical</orientation>
                <itemgap>0</itemgap>
                <include content="View_56_Banners_WallItem">
                    <param name="id" value="$PARAM[id]" />
                    <param name="pos" value="6" />
                    <param name="altvisible" value="!Container($PARAM[id]).HasNext" />
                    <param name="altpos" value="3" />
                </include>
                <include content="View_56_Banners_WallItem">
                    <param name="id" value="$PARAM[id]" />
                    <param name="pos" value="7" />
                    <param name="altvisible" value="!Container($PARAM[id]).HasNext" />
                    <param name="altpos" value="4" />
                </include>
                <include content="View_56_Banners_WallItem">
                    <param name="id" value="$PARAM[id]" />
                    <param name="pos" value="8" />
                    <param name="altvisible" value="!Container($PARAM[id]).HasNext" />
                    <param name="altpos" value="5" />
                </include>
            </control>

        </control>

        <control type="grouplist">
            <left>-920</left>
            <right>-920</right>
            <bottom>-20</bottom>
            <height>600</height>
            <usecontrolcoords>true</usecontrolcoords>
            <orientation>horizontal</orientation>
            <itemgap>0</itemgap>
            <animation effect="slide" tween="quadratic" time="400" reversible="false" end="-900" condition="!Container($PARAM[id]).OnScrollNext">Conditional</animation>
            <animation effect="slide" tween="quadratic" time="400" reversible="false" end="900" condition="!Container($PARAM[id]).OnScrollPrevious">Conditional</animation>
            <visible>Container($PARAM[id]).Position(1)</visible>
            <control type="grouplist">
                <height>600</height>
                <width>900</width>
                <usecontrolcoords>true</usecontrolcoords>
                <orientation>vertical</orientation>
                <itemgap>0</itemgap>
                <include content="View_56_Banners_WallItem">
                    <param name="id" value="$PARAM[id]" />
                    <param name="pos" value="-4" />
                </include>
                <include content="View_56_Banners_WallItem">
                    <param name="id" value="$PARAM[id]" />
                    <param name="pos" value="-3" />
                </include>
                <include content="View_56_Banners_WallItem">
                    <param name="id" value="$PARAM[id]" />
                    <param name="pos" value="-2" />
                </include>
            </control>
            <control type="grouplist">
                <height>600</height>
                <width>900</width>
                <usecontrolcoords>true</usecontrolcoords>
                <orientation>vertical</orientation>
                <itemgap>0</itemgap>
                <include content="View_56_Banners_WallItem">
                    <param name="id" value="$PARAM[id]" />
                    <param name="pos" value="-1" />
                </include>
                <include content="View_56_Banners_WallItem">
                    <param name="id" value="$PARAM[id]" />
                    <param name="pos" value="0" />
                    <param name="selectbox" value="true" />
                </include>
                <include content="View_56_Banners_WallItem">
                    <param name="id" value="$PARAM[id]" />
                    <param name="pos" value="1" />
                </include>
            </control>
            <control type="grouplist">
                <height>600</height>
                <width>900</width>
                <usecontrolcoords>true</usecontrolcoords>
                <orientation>vertical</orientation>
                <itemgap>0</itemgap>
                <include content="View_56_Banners_WallItem">
                    <param name="id" value="$PARAM[id]" />
                    <param name="pos" value="2" />
                    <param name="altvisible" value="!Container($PARAM[id]).HasNext" />
                    <param name="altpos" value="0" />
                </include>
                <include content="View_56_Banners_WallItem">
                    <param name="id" value="$PARAM[id]" />
                    <param name="pos" value="3" />
                    <param name="altvisible" value="!Container($PARAM[id]).HasNext" />
                    <param name="altpos" value="1" />
                </include>
                <include content="View_56_Banners_WallItem">
                    <param name="id" value="$PARAM[id]" />
                    <param name="pos" value="4" />
                    <param name="altvisible" value="!Container($PARAM[id]).HasNext" />
                    <param name="altpos" value="2" />
                </include>
            </control>

            <control type="grouplist">
                <height>600</height>
                <width>900</width>
                <usecontrolcoords>true</usecontrolcoords>
                <orientation>vertical</orientation>
                <itemgap>0</itemgap>
                <include content="View_56_Banners_WallItem">
                    <param name="id" value="$PARAM[id]" />
                    <param name="pos" value="5" />
                    <param name="altvisible" value="!Container($PARAM[id]).HasNext" />
                    <param name="altpos" value="3" />
                </include>
                <include content="View_56_Banners_WallItem">
                    <param name="id" value="$PARAM[id]" />
                    <param name="pos" value="6" />
                    <param name="altvisible" value="!Container($PARAM[id]).HasNext" />
                    <param name="altpos" value="4" />
                </include>
                <include content="View_56_Banners_WallItem">
                    <param name="id" value="$PARAM[id]" />
                    <param name="pos" value="7" />
                    <param name="altvisible" value="!Container($PARAM[id]).HasNext" />
                    <param name="altpos" value="5" />
                </include>
            </control>

        </control>

        <control type="grouplist">
            <left>-920</left>
            <right>-920</right>
            <bottom>-20</bottom>
            <height>600</height>
            <usecontrolcoords>true</usecontrolcoords>
            <orientation>horizontal</orientation>
            <itemgap>0</itemgap>
            <animation effect="slide" tween="quadratic" time="400" reversible="false" end="-900" condition="!Container($PARAM[id]).OnScrollNext">Conditional</animation>
            <animation effect="slide" tween="quadratic" time="400" reversible="false" end="900" condition="!Container($PARAM[id]).OnScrollPrevious">Conditional</animation>
            <visible>Container($PARAM[id]).Position(2)</visible>
            <control type="grouplist">
                <height>600</height>
                <width>900</width>
                <usecontrolcoords>true</usecontrolcoords>
                <orientation>vertical</orientation>
                <itemgap>0</itemgap>
                <include content="View_56_Banners_WallItem">
                    <param name="id" value="$PARAM[id]" />
                    <param name="pos" value="-5" />
                </include>
                <include content="View_56_Banners_WallItem">
                    <param name="id" value="$PARAM[id]" />
                    <param name="pos" value="-4" />
                </include>
                <include content="View_56_Banners_WallItem">
                    <param name="id" value="$PARAM[id]" />
                    <param name="pos" value="-3" />
                </include>
            </control>
            <control type="grouplist">
                <height>600</height>
                <width>900</width>
                <usecontrolcoords>true</usecontrolcoords>
                <orientation>vertical</orientation>
                <itemgap>0</itemgap>
                <include content="View_56_Banners_WallItem">
                    <param name="id" value="$PARAM[id]" />
                    <param name="pos" value="-2" />
                </include>
                <include content="View_56_Banners_WallItem">
                    <param name="id" value="$PARAM[id]" />
                    <param name="pos" value="-1" />
                </include>
                <include content="View_56_Banners_WallItem">
                    <param name="id" value="$PARAM[id]" />
                    <param name="pos" value="0" />
                    <param name="selectbox" value="true" />
                </include>
            </control>
            <control type="grouplist">
                <height>600</height>
                <width>900</width>
                <usecontrolcoords>true</usecontrolcoords>
                <orientation>vertical</orientation>
                <itemgap>0</itemgap>
                <include content="View_56_Banners_WallItem">
                    <param name="id" value="$PARAM[id]" />
                    <param name="pos" value="1" />
                    <param name="altvisible" value="!Container($PARAM[id]).HasNext" />
                    <param name="altpos" value="0" />
                </include>
                <include content="View_56_Banners_WallItem">
                    <param name="id" value="$PARAM[id]" />
                    <param name="pos" value="2" />
                    <param name="altvisible" value="!Container($PARAM[id]).HasNext" />
                    <param name="altpos" value="1" />
                </include>
                <include content="View_56_Banners_WallItem">
                    <param name="id" value="$PARAM[id]" />
                    <param name="pos" value="3" />
                    <param name="altvisible" value="!Container($PARAM[id]).HasNext" />
                    <param name="altpos" value="2" />
                </include>
            </control>

            <control type="grouplist">
                <height>600</height>
                <width>900</width>
                <usecontrolcoords>true</usecontrolcoords>
                <orientation>vertical</orientation>
                <itemgap>0</itemgap>
                <include content="View_56_Banners_WallItem">
                    <param name="id" value="$PARAM[id]" />
                    <param name="pos" value="4" />
                    <param name="altvisible" value="!Container($PARAM[id]).HasNext" />
                    <param name="altpos" value="3" />
                </include>
                <include content="View_56_Banners_WallItem">
                    <param name="id" value="$PARAM[id]" />
                    <param name="pos" value="5" />
                    <param name="altvisible" value="!Container($PARAM[id]).HasNext" />
                    <param name="altpos" value="4" />
                </include>
                <include content="View_56_Banners_WallItem">
                    <param name="id" value="$PARAM[id]" />
                    <param name="pos" value="6" />
                    <param name="altvisible" value="!Container($PARAM[id]).HasNext" />
                    <param name="altpos" value="5" />
                </include>
            </control>

        </control>
    </include>

    <include name="View_56_Banners_WallItem">
        <param name="selectbox" default="false" />
        <param name="altvisible" default="false" />
        <definition>
            <control type="group">
                <width>900</width>
                <height>200</height>
                <visible>!String.IsEmpty(Container($PARAM[id]).ListItemNoWrap($PARAM[pos]).Label)</visible>
                <include content="View_56_Banners_WallItem_Layout">
                    <param name="selectbox" value="$PARAM[selectbox]" />
                    <param name="id" value="$PARAM[id]" />
                    <param name="pos" value="$PARAM[pos]" />
                    <param name="selected" value="$PARAM[selected]" />
                    <param name="icon" value="$VAR[Image_Banner_C$PARAM[id]_$PARAM[pos]]" />
                    <param name="diffuse" value="diffuse/banner-std.png" />
                </include>
            </control>
            <control type="group">
                <width>900</width>
                <height>200</height>
                <visible>String.IsEmpty(Container($PARAM[id]).ListItemNoWrap($PARAM[pos]).Label) + $PARAM[altvisible]</visible>
                <include content="View_56_Banners_WallItem_Layout">
                    <param name="selectbox" value="$PARAM[selectbox]" />
                    <param name="id" value="$PARAM[id]" />
                    <param name="pos" value="$PARAM[altpos]" />
                    <param name="selected" value="$PARAM[selected]" />
                    <param name="icon" value="$VAR[Image_Banner_Absolute_C$PARAM[id]_$PARAM[altpos]]" />
                    <param name="diffuse" value="diffuse/banner-std.png" />
                </include>
            </control>
        </definition>
    </include>

    <include name="View_56_Banners_WallItem_Layout">
        <include>Object_PosterBack</include>
        <control type="group">
            <include>Defs_Pad</include>

            <include condition="$PARAM[selectbox]" content="View_Selectbox">
                <param name="focusbounce" value="true" />
                <visible>Control.HasFocus($PARAM[id])</visible>
                <control type="image">
                    <bordersize>7</bordersize>
                    <texture border="10" colordiffuse="$VAR[ColorHighlight]">common/box.png</texture>
                </control>
                <control type="image">
                    <bordersize>7</bordersize>
                    <texture border="10" colordiffuse="$VAR[ColorGradient]">common/box-gradient-vertical.png</texture>
                </control>
            </include>
            <include content="Object_Poster">
                <param name="diffuse" value="$PARAM[diffuse]" />
                <param name="icon" value="$PARAM[icon]" />
            </include>
            <include content="Object_Control">
                <param name="type" value="image" />
                <texture background="true">$INFO[Container($PARAM[id]).ListItemNoWrap($PARAM[pos]).Art(clearlogo)]</texture>
                <aspectratio align="right">keep</aspectratio>
                <bordersize>30</bordersize>
                <visible>String.IsEmpty(Container($PARAM[id]).ListItemNoWrap($PARAM[pos]).Art(banner)) + String.IsEmpty(Container($PARAM[id]).ListItemNoWrap($PARAM[pos]).Art(tvshow.banner))</visible>
                <visible>!String.IsEmpty(Container($PARAM[id]).ListItemNoWrap($PARAM[pos]).Art(clearlogo))</visible>
            </include>
            <include content="Object_Control">
                <param name="type" value="image" />
                <texture background="true">$INFO[Container($PARAM[id]).ListItemNoWrap($PARAM[pos]).Art(tvshow.clearlogo)]</texture>
                <aspectratio align="right">keep</aspectratio>
                <bordersize>30</bordersize>
                <visible>String.IsEmpty(Container($PARAM[id]).ListItemNoWrap($PARAM[pos]).Art(banner)) + String.IsEmpty(Container($PARAM[id]).ListItemNoWrap($PARAM[pos]).Art(tvshow.banner))</visible>
                <visible>String.IsEmpty(Container($PARAM[id]).ListItemNoWrap($PARAM[pos]).Art(clearlogo))</visible>
            </include>
            <include condition="$PARAM[selectbox] + !Skin.HasSetting(DisableWatchedOverlay)">View_WatchedOverlay</include>
            <include condition="$PARAM[selectbox]" content="View_Selectbox">
                <param name="focusbounce" value="true" />
                <visible>Control.HasFocus($PARAM[id])</visible>
            </include>
        </control>
    </include>

</includes>

