<?xml version="1.0" encoding="UTF-8"?>
<!-- Foundation -->
<window type="dialog" id="1119">
    <defaultcontrol always="true">9000</defaultcontrol>
    <controls>
        <include>Global_Overlay</include>
        <control type="group">
            <include content="Dialog_Standard_Group">
                <param name="width" value="1180" />
                <param name="height" value="950" />
            </include>

            <control type="label">
                <description>Header Label</description>
                <label>$LOCALIZE[31015]</label>
                <include>Dialog_Standard_Header</include>
            </control>

            <include content="Defs_Settings_Gradient">
                <param name="id" value="9000" />
                <top>dialog_top</top>
                <height>item_list_height</height>
                <width>780</width>
                <visible>ControlGroup(9000).HasFocus()</visible>
            </include>

            <control type="grouplist" id="9000">
                <onright>61</onright>
                <description>Control Area</description>
                <width>780</width>
                <top>dialog_top</top>
                <height>800</height>
                <itemgap>0</itemgap>
                <pagecontrol>61</pagecontrol>
                <orientation>vertical</orientation>
                <usecontrolcoords>true</usecontrolcoords>
                <control type="radiobutton" id="9001">
                    <label>$LOCALIZE[31007]</label>
                    <radioposx>730</radioposx>
                    <include>Dialog_Standard_Button</include>
                    <onclick>Skin.ToggleSetting(DisableExtendedInfo)</onclick>
                    <selected>!Skin.HasSetting(DisableExtendedInfo)</selected>
                </control>
                <control type="radiobutton" id="9002">
                    <label>$LOCALIZE[31251]</label>
                    <radioposx>730</radioposx>
                    <include>Dialog_Standard_Button</include>
                    <onclick>Skin.ToggleSetting(DisableInfoListCrew)</onclick>
                    <selected>!Skin.HasSetting(DisableInfoListCrew)</selected>
                </control>
                <control type="radiobutton" id="9003">
                    <label>$LOCALIZE[31006]</label>
                    <radioposx>730</radioposx>
                    <include>Dialog_Standard_Button</include>
                    <onclick>Skin.ToggleSetting(DisableInfoListSets)</onclick>
                    <selected>!Skin.HasSetting(DisableInfoListSets)</selected>
                </control>
                <control type="radiobutton" id="9004">
                    <label>$LOCALIZE[20339]</label>
                    <radioposx>730</radioposx>
                    <include>Dialog_Standard_Button</include>
                    <onclick>Skin.ToggleSetting(DisableInfoListDirector)</onclick>
                    <selected>!Skin.HasSetting(DisableInfoListDirector)</selected>
                </control>
                <control type="radiobutton" id="9005">
                    <label>$LOCALIZE[572]</label>
                    <radioposx>730</radioposx>
                    <include>Dialog_Standard_Button</include>
                    <onclick>Skin.ToggleSetting(DisableInfoListStudio)</onclick>
                    <selected>!Skin.HasSetting(DisableInfoListStudio)</selected>
                </control>
                <control type="radiobutton" id="9006">
                    <label>$LOCALIZE[31252]</label>
                    <radioposx>730</radioposx>
                    <include>Dialog_Standard_Button</include>
                    <onclick>Skin.ToggleSetting(DisableInfoListRecommended)</onclick>
                    <selected>!Skin.HasSetting(DisableInfoListRecommended)</selected>
                </control>
                <control type="radiobutton" id="9007">
                    <label>$LOCALIZE[31135]</label>
                    <radioposx>730</radioposx>
                    <include>Dialog_Standard_Button</include>
                    <onclick>Skin.ToggleSetting(DisableInfoListSimilar)</onclick>
                    <selected>!Skin.HasSetting(DisableInfoListSimilar)</selected>
                </control>
                <control type="radiobutton" id="9008">
                    <label>$LOCALIZE[345]</label>
                    <radioposx>730</radioposx>
                    <include>Dialog_Standard_Button</include>
                    <onclick>Skin.ToggleSetting(DisableInfoListYear)</onclick>
                    <selected>!Skin.HasSetting(DisableInfoListYear)</selected>
                </control>
                <control type="radiobutton" id="9009">
                    <label>$LOCALIZE[515]</label>
                    <radioposx>730</radioposx>
                    <include>Dialog_Standard_Button</include>
                    <onclick>Skin.ToggleSetting(DisableInfoListGenre)</onclick>
                    <selected>!Skin.HasSetting(DisableInfoListGenre)</selected>
                </control>
                <control type="radiobutton" id="9010">
                    <label>$LOCALIZE[31253]</label>
                    <radioposx>730</radioposx>
                    <include>Dialog_Standard_Button</include>
                    <onclick>Skin.ToggleSetting(DisableInfoListCastFeature)</onclick>
                    <selected>!Skin.HasSetting(DisableInfoListCastFeature)</selected>
                </control>
                <control type="radiobutton" id="9011">
                    <label>$LOCALIZE[31232]</label>
                    <radioposx>730</radioposx>
                    <include>Dialog_Standard_Button</include>
                    <onclick>Skin.ToggleSetting(DisableInfoListPosters)</onclick>
                    <selected>!Skin.HasSetting(DisableInfoListPosters)</selected>
                </control>
                <control type="radiobutton" id="9012">
                    <label>$LOCALIZE[20445]</label>
                    <radioposx>730</radioposx>
                    <include>Dialog_Standard_Button</include>
                    <onclick>Skin.ToggleSetting(DisableInfoListFanart)</onclick>
                    <selected>!Skin.HasSetting(DisableInfoListFanart)</selected>
                </control>

            </control>

            <include content="Dialog_Scrollbar">
                <param name="onleft" value="9000" />
            </include>


            <control type="group">
                <include>Dialog_Standard_Right_Group</include>
                <control type="grouplist" id="8000">
                    <onleft>61</onleft>
                    <orientation>vertical</orientation>
                    <itemgap>0</itemgap>
                    <control type="button" id="8001" description="Close">
                        <label>$LOCALIZE[15067]</label>
                        <onclick>Close</onclick>
                        <include>Dialog_Standard_Right_Buttons</include>
                    </control>
                </control>
            </control>
        </control>
    </controls>
</window>