<?xml version="1.0" encoding="UTF-8"?>
<!-- Foundation -->
<window type="dialog" id="1122">
    <defaultcontrol always="true">9000</defaultcontrol>
    <controls>
        <include>Global_Overlay</include>
        <control type="group">
            <include content="Dialog_Standard_Group">
                <param name="width" value="1200" />
                <param name="height" value="640" />
            </include>

            <control type="label">
                <description>Header Label</description>
                <label>$LOCALIZE[31086]</label>
                <include>Dialog_Standard_Header</include>
            </control>

            <include content="Defs_Settings_Gradient">
                <param name="id" value="9000" />
                <top>dialog_top</top>
                <height>item_list_height</height>
                <right>dialog_side_grouplist</right>
                <visible>ControlGroup(9000).HasFocus()</visible>
            </include>

            <control type="grouplist" id="9000">
                <onright>61</onright>
                <description>Control Area</description>
                <right>dialog_side_grouplist</right>
                <top>dialog_top</top>
                <height>800</height>
                <itemgap>0</itemgap>
                <pagecontrol>61</pagecontrol>
                <orientation>vertical</orientation>
                <usecontrolcoords>true</usecontrolcoords>
                <control type="radiobutton" id="9001">
                    <label>$LOCALIZE[31089]</label>
                    <radioposx>730</radioposx>
                    <include>Dialog_Standard_Button</include>
                    <onclick>Skin.ToggleSetting(DisableWallScroll)</onclick>
                    <selected>!Skin.HasSetting(DisableWallScroll)</selected>
                </control>
                <control type="radiobutton" id="9002">
                    <label>$LOCALIZE[31063]</label>
                    <radioposx>730</radioposx>
                    <include>Dialog_Standard_Button</include>
                    <enable>!Skin.HasSetting(DisableWallScroll)</enable>
                    <onclick>Skin.ToggleSetting(WallShowInfo)</onclick>
                    <selected>Skin.HasSetting(WallShowInfo)</selected>
                </control>
                <control type="radiobutton" id="9003">
                    <label>Posters</label>
                    <radioposx>730</radioposx>
                    <include>Dialog_Standard_Button</include>
                    <enable>!Skin.HasSetting(DisableWallScroll)</enable>
                    <onclick>Skin.ToggleSetting(WallScroll.Posters)</onclick>
                    <selected>Skin.HasSetting(WallScroll.Posters)</selected>
                </control>
                <control type="radiobutton" id="9004">
                    <label>Landscape</label>
                    <radioposx>730</radioposx>
                    <include>Dialog_Standard_Button</include>
                    <enable>!Skin.HasSetting(DisableWallScroll)</enable>
                    <onclick>Skin.ToggleSetting(WallScroll.Landscape)</onclick>
                    <selected>Skin.HasSetting(WallScroll.Landscape)</selected>
                </control>
                <control type="radiobutton" id="9005">
                    <label>Square</label>
                    <radioposx>730</radioposx>
                    <include>Dialog_Standard_Button</include>
                    <enable>!Skin.HasSetting(DisableWallScroll)</enable>
                    <onclick>Skin.ToggleSetting(WallScroll.Square)</onclick>
                    <selected>Skin.HasSetting(WallScroll.Square)</selected>
                </control>
                <control type="radiobutton" id="9006">
                    <label>Hubs</label>
                    <radioposx>730</radioposx>
                    <include>Dialog_Standard_Button</include>
                    <enable>!Skin.HasSetting(DisableWallScroll)</enable>
                    <onclick>Skin.ToggleSetting(WallScroll.Hubs)</onclick>
                    <selected>Skin.HasSetting(WallScroll.Hubs)</selected>
                </control>

            </control>

            <include content="Dialog_Scrollbar">
                <param name="onleft" value="9000" />
            </include>


            <control type="group">
                <include>Dialog_Standard_Right_Group</include>
                <control type="grouplist" id="8000">
                    <onleft>61</onleft>
                    <orientation>vertical</orientation>
                    <itemgap>0</itemgap>
                    <control type="button" id="8001" description="Close">
                        <label>$LOCALIZE[15067]</label>
                        <onclick>Close</onclick>
                        <include>Dialog_Standard_Right_Buttons</include>
                    </control>
                </control>
            </control>
        </control>
    </controls>
</window>