<?xml version="1.0" encoding="UTF-8"?>
<includes>
    <include name="Home_FixedMenu_Right">
        <right>160</right>
    </include>

    <include name="Home_Movement_Widgets_UpDown">
        <onup>SetProperty(WidgetFocus,1)</onup>
        <ondown>SetProperty(WidgetFocus,1)</ondown>
        <include>Home_Movement_UpDown</include>
        <onup>SetFocus(3992)</onup>
        <ondown>SetFocus(3992)</ondown>
    </include>

    <include name="Home_Movement_UpDown">
        <onup>ClearProperty(CurrentWidget)</onup>
        <ondown>ClearProperty(CurrentWidget)</ondown>
        <onup>SetProperty(WidgetMovement,OnUp)</onup>
        <onup>Control.Move(301,-1)</onup>
        <ondown>SetProperty(WidgetMovement,OnDown)</ondown>
        <ondown>Control.Move(301,1)</ondown>
    </include>

    <include name="Home_Movement_LeftRight">
        <onleft>ClearProperty(WidgetMovement)</onleft>
        <onleft condition="String.IsEmpty(Window(Home).Property(WidgetFocus))">SetFocus($INFO[Window(Home).Property(CurrentWidget)],9999,absolute)</onleft>
        <onleft condition="!String.IsEmpty(Window(Home).Property(WidgetFocus))">ClearProperty(WidgetFocus)</onleft>
        <include>skinshortcuts-template-onmovement</include>
        <onright>ClearProperty(WidgetMovement)</onright>
        <oninfo>ClearProperty(WidgetFocus)</oninfo>
        <oninfo>SetFocus(303,0,absolute)</oninfo>
    </include>

    <include name="Home_Weather_Button">
        <control type="button" id="$PARAM[id]">
            <description>Weather Jump</description>
            <include>Defs_Hidden_Button</include>
            <onclick>ActivateWindow(Weather)</onclick>
            <nested />
        </control>
    </include>

    <include name="Home_Submenu">
        <include content="Global_Overlay">
            <left>160</left>
            <visible>Control.HasFocus(303)</visible>
        </include>

        <control type="group">
            <animation type="Condition" reversible="false" condition="Control.Hasfocus(303)">
                <effect type="fade" start="0" end="100" time="300" delay="150"/>
                <effect type="slide" start="0,48" end="0" center="auto" tween="back" easing="out" time="350" delay="150"/>
            </animation>
            <include content="Dialog_Menu">
                <param name="id" value="303" />
                <param name="header" value="$INFO[Container(301).ListItem.Label]" />
                <param name="content" value="Items_SubMenu" />
                <param name="onleft" value="SetFocus(3992)" />
                <param name="onright" value="SetFocus(3992)" />
                <param name="onback" value="SetFocus(3992)" />
                <param name="include-icon" value="true" />
                <top>220</top>
                <left>-650</left>
                <width>450</width>
                <animation effect="slide" start="0" end="850" condition="Control.HasFocus(303)">Conditional</animation>
                <animation type="WindowClose">
                    <effect type="slide" start="0" end="-160" time="400" tween="quadratic" />
                    <effect type="fade" start="100" end="0" tween="cubic" easing="out" delay="0" time="400" />
                </animation>
                <animation effect="slide" end="0,-40" condition="Integer.IsLess(Container(303).NumItems,8)">Conditional</animation>
                <animation effect="slide" end="0,-40" condition="Integer.IsLess(Container(303).NumItems,7)">Conditional</animation>
                <animation effect="slide" end="0,-40" condition="Integer.IsLess(Container(303).NumItems,6)">Conditional</animation>
                <animation effect="slide" end="0,-40" condition="Integer.IsLess(Container(303).NumItems,5)">Conditional</animation>
                <animation effect="slide" end="0,-40" condition="Integer.IsLess(Container(303).NumItems,4)">Conditional</animation>
                <animation effect="slide" end="0,-40" condition="Integer.IsLess(Container(303).NumItems,3)">Conditional</animation>
                <animation effect="slide" end="0,-40" condition="Integer.IsLess(Container(303).NumItems,2)">Conditional</animation>

                <animation effect="slide" end="0,80" condition="Integer.IsGreater(Container(301).Position,0) + !Integer.IsGreater(Container(303).NumItems,8)">Conditional</animation>
                <animation effect="slide" end="0,80" condition="Integer.IsGreater(Container(301).Position,1) + !Integer.IsGreater(Container(303).NumItems,7)">Conditional</animation>
                <animation effect="slide" end="0,80" condition="Integer.IsGreater(Container(301).Position,2) + !Integer.IsGreater(Container(303).NumItems,6)">Conditional</animation>
                <animation effect="slide" end="0,80" condition="Integer.IsGreater(Container(301).Position,3) + !Integer.IsGreater(Container(303).NumItems,5)">Conditional</animation>
                <animation effect="slide" end="0,80" condition="Integer.IsGreater(Container(301).Position,4) + !Integer.IsGreater(Container(303).NumItems,4)">Conditional</animation>
                <animation effect="slide" end="0,80" condition="Integer.IsGreater(Container(301).Position,5) + !Integer.IsGreater(Container(303).NumItems,3)">Conditional</animation>
                <animation effect="slide" end="0,80" condition="Integer.IsGreater(Container(301).Position,6) + !Integer.IsGreater(Container(303).NumItems,2)">Conditional</animation>
            </include>

            <control type="image">
                <left>184</left>
                <top>232</top>
                <height>16</height>
                <width>16</width>
                <visible>Control.HasFocus(303)</visible>
                <animation type="WindowClose">
                    <effect type="slide" start="0" end="-160" time="400" tween="quadratic" />
                    <effect type="fade" start="100" end="0" tween="cubic" easing="out" delay="0" time="400" />
                </animation>
                <texture colordiffuse="dialog_bg_100">common/arrow-menu.png</texture>
                <animation effect="slide" end="0,80" condition="Integer.IsGreater(Container(301).Position,0)">Conditional</animation>
                <animation effect="slide" end="0,80" condition="Integer.IsGreater(Container(301).Position,1)">Conditional</animation>
                <animation effect="slide" end="0,80" condition="Integer.IsGreater(Container(301).Position,2)">Conditional</animation>
                <animation effect="slide" end="0,80" condition="Integer.IsGreater(Container(301).Position,3)">Conditional</animation>
                <animation effect="slide" end="0,80" condition="Integer.IsGreater(Container(301).Position,4)">Conditional</animation>
                <animation effect="slide" end="0,80" condition="Integer.IsGreater(Container(301).Position,5)">Conditional</animation>
                <animation effect="slide" end="0,80" condition="Integer.IsGreater(Container(301).Position,6)">Conditional</animation>
                <animation effect="slide" end="0,80" condition="Integer.IsGreater(Container(301).Position,7)">Conditional</animation>
            </control>
        </control>
    </include>

    <include name="Home_Multi">
        <include>Home_Menu_Vertical</include>
        <include content="Viewtype_Main">
            <include>Animation_Home_Slide</include>
            <control type="group">
                <visible>!$EXP[Exp_InfoVisible]</visible>
                <include>Animation_Common</include>
                <control type="group">
                    <include>Animation_FadeInOut_Common</include>
                    <include>View_Pad</include>
                    <control type="group">
                        <top>-20</top>
                        <right>-100</right>
                        <left>-100</left>
                        <bottom>-15</bottom>
                        <control type="button" id="3992">
                            <width>1</width>
                            <height>1</height>
                            <left>-2000</left>
                            <include>Home_Movement_LeftRight</include>
                            <include>Home_Movement_UpDown</include>
                            <onup>AlarmClock(refocusit,SetFocus(3992),00:00,silent)</onup>
                            <ondown>AlarmClock(refocusit,SetFocus(3992),00:00,silent)</ondown>
                            <onclick>ClearProperty(WidgetMovement)</onclick>
                            <onfocus>RunScript(plugin.video.themoviedb.helper,blur_image=$VAR[Global_Background_Image_NoFanart_Fallback])</onfocus>
                            <onclick condition="!String.IsEmpty(Window.Property(WidgetFocus))">SetFocus(3000)</onclick>
                            <onclick condition="String.IsEmpty(Window.Property(WidgetFocus))">SetProperty(301Click,1)</onclick>
                            <onclick condition="String.IsEmpty(Window.Property(WidgetFocus))">SetProperty(301Focus,1)</onclick>
                            <onclick condition="String.IsEmpty(Window.Property(WidgetFocus))">SetFocus(301)</onclick>
                            <onclick condition="String.IsEmpty(Window.Property(WidgetFocus))">Action(Select)</onclick>
                            <onfocus>ClearProperty(301Click)</onfocus>
                            <onfocus>ClearProperty(301Focus)</onfocus>
                            <onback>301</onback>
                            <onback>ClearProperty(WidgetMovement)</onback>
                            <visible allowhiddenfocus="true">Control.HasFocus(3992)</visible>
                        </control>
                        <control type="button" id="3990">
                            <width>1</width>
                            <height>1</height>
                            <left>-2000</left>
                            <animation effect="fade" time="300" start="100" end="0">Focus</animation>
                            <onfocus>SetFocus(3000)</onfocus>
                            <onclick>noop</onclick>
                            <visible allowhiddenfocus="true">Control.HasFocus(3990)</visible>
                        </control>
                        <control type="button" id="3991">
                            <width>1</width>
                            <height>1</height>
                            <left>-2000</left>
                            <animation effect="fade" time="300" start="100" end="0">Focus</animation>
                            <onfocus>SetFocus(3000)</onfocus>
                            <onclick>noop</onclick>
                            <visible allowhiddenfocus="true">Control.HasFocus(3991)</visible>
                        </control>
                        <control type="group" id="3000">
                            <animation type="Conditional" condition="Control.IsVisible(3990)" reversible="false">
                                <effect type="slide" end="0,20" time="60" tween="sine" />
                                <effect type="slide" end="0,-20" time="180" tween="sine" delay="80" />
                            </animation>
                            <animation type="Conditional" condition="Control.IsVisible(3991)" reversible="false">
                                <effect type="slide" end="0,-20" time="60" tween="sine" />
                                <effect type="slide" end="0,20" time="180" tween="sine" delay="80" />
                            </animation>
                            <include>skinshortcuts-template-widgets</include>
                            <control type="group">
                                <visible>String.IsEqual(Container(3700).ListItemAbsolute(0).Property(list),Weather) + Weather.IsFetched</visible>
                                <include content="Animation_UpDown">
                                    <param name="visible" value="String.IsEqual(Container(3700).ListItemAbsolute(0).Property(list),Weather) + Weather.IsFetched" />
                                </include>
                                <include content="Weather">
                                    <left>100</left>
                                    <right>100</right>
                                    <top>20</top>
                                    <bottom>20</bottom>
                                </include>
                            </control>
                            <control type="group">
                                <visible>Integer.IsEqual(Container(3700).NumItems,0)</visible>
                                <left>20</left>
                                <right>20</right>
                                <top>-180</top>
                                <bottom>-65</bottom>
                                <include content="Animation_UpDown">
                                    <param name="visible" value="Integer.IsEqual(Container(3700).NumItems,0)" />
                                </include>
                                <include content="Home_Widget_Fullscreen" condition="!Skin.HasSetting(FullscreenWidgetShowcase)">
                                    <onleft>301</onleft>
                                    <onback>301</onback>
                                    <include>Home_Movement_Widgets_UpDown</include>
                                    <onfocus>SetProperty(TMDbHelper.WidgetContainer,3001,Home)</onfocus>
                                </include>
                                <include condition="Skin.HasSetting(FullscreenWidgetShowcase)">Home_Hub_Showcase</include>
                            </control>
                        </control>
                    </control>

                </control>
                <include>skinshortcuts-template-homefader</include>
                <include>Topbar_Left</include>
            </control>

        </include>

        <!-- Clock -->
        <include condition="!Skin.HasSetting(DisableClock)">Topbar_Right</include>
    </include>

    <include name="Home_Hub_Showcase">
        <control type="group">
            <animation type="Conditional" reversible="false" condition="!Control.HasFocus(565610) + !Control.HasFocus(565611)">
                <effect type="fade" start="0" end="100" delay="400" time="1" />
            </animation>
            <animation type="Conditional" reversible="false" condition="Control.HasFocus(565610) | Control.HasFocus(565611)">
                <effect type="fade" end="0" start="100" />
            </animation>
            <control type="group">
                <visible>$EXP[Exp_GlobalBackground] | !String.IsEmpty(Window(Home).Property(HasTrailer)) | ![Control.HasFocus(5610) | Control.HasFocus(60)]</visible>
                <include>Animation_FadeInOut</include>
                <include>skinshortcuts-template-showcase-background</include>
                <control type="image">
                    <bottom>480</bottom>
                    <texture background="true" colordiffuse="cdffffff">common/vignette-home.png</texture>
                    <include>Animation_FadeInOut_Common</include>
                </control>
                <control type="image">
                    <bottom>0</bottom>
                    <height>480</height>
                    <texture colordiffuse="cdffffff">common/vignette-home-bottom.png</texture>
                    <include>Animation_FadeInOut_Common</include>
                </control>
            </control>
            <control type="group">
                <visible>$EXP[Exp_CommonAnimation] | [Control.HasFocus(5610) | Control.HasFocus(60)]</visible>
                <visible>$EXP[Exp_GlobalBackground] | !String.IsEmpty(Window(Home).Property(HasTrailer))</visible>
                <include>Animation_FadeInOut</include>
                <include>Global_Background_Artwork</include>
            </control>

            <control type="group">

                <animation effect="slide" start="0" end="0,320" condition="Integer.IsEqual(Container(302).NumItems,0)">Conditional</animation>
                <animation effect="slide" start="0" end="0,570" condition="!Integer.IsEqual(Container(302).NumItems,0)">Conditional</animation>
                <animation effect="slide" tween="quadratic" time="400" start="0" end="0,-250" condition="Control.HasFocus(302) | [[Control.HasFocus(5610) | Control.HasFocus(60)] + !Integer.IsEqual(Container(302).NumItems,0)]">Conditional</animation>
                <animation effect="slide" tween="quadratic" time="400" start="0" end="0,-320" condition="Control.HasFocus(5610) | Control.HasFocus(60)">Conditional</animation>
                <visible allowhiddenfocus="true">!$EXP[Exp_CommonAnimation]</visible>
                <include>Animation_Common</include>
                <include>Animation_FadeInOut_Common</include>
                <control type="group">
                    <control type="grouplist">
                        <animation effect="slide" time="0" start="0" end="0,250" condition="Integer.IsEqual(Container(302).NumItems,0)">Conditional</animation>
                        <visible allowhiddenfocus="true">![Control.HasFocus(5610) | Control.HasFocus(60)]</visible>
                        <animation type="Hidden">
                            <effect type="fade" start="100" end="0" delay="0" time="300" tween="cubic" easing="inout" />
                        </animation>
                        <animation type="Visible">
                            <effect type="fade" start="0" end="100" delay="200" time="400" tween="cubic" easing="inout" />
                        </animation>
                        <left>view_pad</left>
                        <top>0</top>
                        <bottom>730</bottom>
                        <width>1100</width>
                        <align>bottom</align>
                        <orientation>vertical</orientation>
                        <usecontrolcoords>true</usecontrolcoords>
                        <itemgap>0</itemgap>
                        <include content="Object_Info_Title">
                            <param name="label" value="$VAR[Label_3001_Info_Title]" />
                        </include>
                        <include content="Object_Info_Line">
                            <param name="label" value="$VAR[Label_56560_InfoLine]" />
                            <param name="image" value="$VAR[Image_56560_VideoQuality]" />
                        </include>
                        <include content="Object_Info_Plot">
                            <param name="maxheight" value="80" />
                            <param name="height" value="auto" />
                            <param name="label" value="$VAR[Label_Plot_C3001]" />
                            <top>10</top>
                        </include>
                        <control type="group">
                            <height>20</height>
                        </control>
                        <control type="grouplist">
                            <left>-20</left>
                            <right>-26</right>
                            <align>left</align>
                            <height>110</height>
                            <onleft condition="!Window.IsVisible(Home)">Control.Move(3001,-1)</onleft>
                            <onleft condition="!Window.IsVisible(Home)">3101</onleft>
                            <onleft condition="Window.IsVisible(Home)">301</onleft>
                            <onright>Control.Move(3001,1)</onright>
                            <onright>3102</onright>
                            <onback condition="!Window.IsVisible(Home)">302</onback>
                            <onback condition="Window.IsVisible(Home)">301</onback>
                            <orientation>horizontal</orientation>
                            <usecontrolcoords>true</usecontrolcoords>
                            <itemgap>-10</itemgap>
                            <include content="Object_Info_Button" description="Play">
                                <param name="id" value="3101" />
                                <param name="groupid" value="3201" />
                                <param name="label" value="$VAR[Label_Showcase_PlayBrowse]" />
                                <param name="icon" value="$VAR[Image_Showcase_PlayBrowse_Icon]" />
                                <param name="ondown" value="302" />
                                <param name="visible" value="true" />
                                <param name="onup" value="Control.Move(3001,-1)" />
                                <onfocus>SetProperty(WidgetFocus,1)</onfocus>
                                <onclick>SetFocus(3001)</onclick>
                                <onclick>Action(Select)</onclick>
                                <onfocus>SetProperty(TMDbHelper.WidgetContainer,3001,Home)</onfocus>
                            </include>
                            <include content="Object_Info_Button" description="Info">
                                <param name="id" value="3102" />
                                <param name="groupid" value="3202" />
                                <param name="label" value="$LOCALIZE[31078]" />
                                <param name="icon" value="special://skin/extras/icons/info2.png" />
                                <param name="ondown" value="302" />
                                <param name="visible" value="true" />
                                <param name="onup" value="Control.Move(3001,-1)" />
                                <onfocus>SetProperty(WidgetFocus,1)</onfocus>
                                <onclick>SetFocus(3001)</onclick>
                                <onclick>Action(Info)</onclick>
                                <onfocus>SetProperty(TMDbHelper.WidgetContainer,3001,Home)</onfocus>
                            </include>
                        </control>
                    </control>
                    <control type="grouplist">
                        <visible>[Control.HasFocus(5610) | Control.HasFocus(60)]</visible>
                        <animation type="Visible">
                            <effect type="fade" start="0" end="100" delay="300" time="400" tween="cubic" easing="inout" />
                        </animation>
                        <animation type="Hidden">
                            <effect type="fade" start="100" end="0" delay="0" time="300" tween="cubic" easing="inout" />
                        </animation>

                        <left>view_pad</left>
                        <top>65</top>
                        <bottom>480</bottom>
                        <width>1100</width>
                        <align>bottom</align>
                        <orientation>vertical</orientation>
                        <usecontrolcoords>true</usecontrolcoords>
                        <itemgap>0</itemgap>
                        <include content="Object_Info_Title">
                            <param name="label" value="$INFO[Container(5610).ListItem.Title]" />
                        </include>
                        <include content="Object_Info_Line">
                            <param name="container" value="Container(5610)." />
                        </include>
                        <include content="Object_Info_Ratings" condition="!Skin.HasSetting(DisableAllRatings)">
                            <param name="container" value="Container(5610)." />
                        </include>
                        <include content="Object_Info_Plot">
                            <param name="maxheight" value="160" />
                            <param name="height" value="160" />
                            <param name="label" value="$INFO[Container(5610).ListItem.Plot]" />
                        </include>
                        <control type="group">
                            <height>55</height>
                        </control>
                    </control>
                    <control type="image">
                        <right>view_pad</right>
                        <bottom>760</bottom>
                        <aspectratio align="right" aligny="bottom">keep</aspectratio>
                        <height>80</height>
                        <fadetime>200</fadetime>
                        <animation effect="slide" time="0" start="0" end="0,250" condition="Integer.IsEqual(Container(302).NumItems,0)">Conditional</animation>
                        <animation effect="slide" end="-160" time="400" tween="quadratic" condition="Control.HasFocus(301) | Control.HasFocus(303) | [Control.HasFocus(3992) + String.IsEmpty(Window.Property(WidgetFocus))] | Skin.HasSetting(LockMainMenu)">Conditional</animation>
                        <texture background="true">$VAR[Image_Home_ClearLogo]</texture>
                        <animation type="Hidden">
                            <effect type="fade" start="100" end="0" delay="0" time="300" tween="cubic" easing="inout" />
                        </animation>
                        <animation type="Visible">
                            <effect type="fade" start="0" end="100" delay="200" time="400" tween="cubic" easing="inout" />
                        </animation>
                        <visible>![Control.HAsFocus(5610) | Control.HasFocus(60)]</visible>
                    </control>
                </control>
                <control type="group">
                    <include>View_Pad</include>
                    <control type="image">
                        <right>-15</right>
                        <bottom>385</bottom>
                        <height>350</height>
                        <width>700</width>
                        <texture background="true">$VAR[Image_ClearArt]</texture>
                        <aspectratio align="right" aligny="bottom" scalediffuse="false">keep</aspectratio>
                        <bordersize>15</bordersize>
                        <animation type="Hidden" reversible="false">
                            <effect type="fade" start="100" end="0" delay="0" time="300" tween="cubic" easing="inout" />
                        </animation>
                        <animation type="Visible" reversible="false">
                            <effect type="fade" start="0" end="100" delay="200" time="400" tween="cubic" easing="inout" />
                        </animation>
                        <visible>[Control.HAsFocus(5610) | Control.HasFocus(60)]</visible>
                    </control>
                    <include content="Viewtype_BackPanel">
                        <include>Animation_FadeInOut</include>
                        <visible>[Control.HAsFocus(5610) | Control.HasFocus(60)]</visible>
                        <height>480</height>
                    </include>
                    <control type="group">
                        <left>-15</left>
                        <bottom>285</bottom>
                        <height>120</height>
                        <animation effect="fade" start="0" end="100" time="300">VisibleChange</animation>
                        <visible>Container(5610).IsUpdating</visible>
                        <include content="Defs_BusySpinner">
                            <param name="label" value="$LOCALIZE[31428]..." />
                            <param name="textcolor" value="main_fg_70" />
                        </include>
                    </control>
                    <control type="group">
                        <bottom>250</bottom>
                        <top>-250</top>
                        <visible allowhiddenfocus="true">![Control.HasFocus(5610) | Control.HasFocus(60)]</visible>
                        <animation effect="fade" start="100" end="0" delay="0" time="400" tween="cubic" easing="inout">Hidden</animation>
                        <animation effect="fade" start="0" end="100" delay="200" time="400" tween="cubic" easing="inout">Visible</animation>
                        <animation effect="fade" start="100" end="0" time="300" reversible="false" condition="Container(302).IsUpdating">Conditional</animation>
                        <animation effect="fade" start="0" end="100" delay="300" time="300" reversible="false" condition="!Container(302).IsUpdating">Conditional</animation>
                        <include content="Viewtype_Keywords">
                            <param name="id" value="302" />
                            <param name="controltype" value="fixedlist" />
                            <param name="movement" value="5" />
                            <bottom>-20</bottom>
                            <left>-80</left>
                            <right>-80</right>
                            <onup>3101</onup>
                            <!-- <onleft condition="Window.IsVisible(Home)">3101</onleft> -->
                            <onback condition="Window.IsVisible(Home)">3101</onback>
                            <onfocus>SetProperty(TMDbHelper.WidgetContainer,3001,Home)</onfocus>
                            <ondown>SetProperty(TMDbHelper.WidgetContainer,5610,Home)</ondown>
                            <ondown>5610</ondown>
                            <include>Items_SubMenu</include>
                        </include>
                        <include content="Home_Hub_Widget_Label">
                            <param name="id" value="302" />
                            <param name="label" value="Submenu" />
                        </include>
                    </control>
                    <control type="group">
                        <animation effect="fade" start="100" end="0" time="300" reversible="false" condition="Container(5610).IsUpdating">Conditional</animation>
                        <animation effect="fade" start="0" end="100" delay="300" time="300" reversible="false" condition="!Container(5610).IsUpdating">Conditional</animation>
                        <include content="Home_Hub_Widget_Label">
                            <param name="id" value="5610" />
                            <param name="label" value="$VAR[Label_Hub_WidgetName]" />
                        </include>
                        <include content="Viewtype_Poster">
                            <param name="id" value="5610" />
                            <bottom>-20</bottom>
                            <left>-80</left>
                            <right>-80</right>
                            <onup>302</onup>
                            <ondown condition="!Window.IsVisible(Home) + !Skin.HasSetting(DisableWallScroll) + Skin.HasSetting(WallScroll.Hubs)">565610</ondown>
                            <ondown condition="!Window.IsVisible(Home)Skin.HasSetting(DisableWallScroll) | !Skin.HasSetting(WallScroll.Hubs)">60</ondown>
                            <ondown condition="Window.IsVisible(Home)">SetProperty(WidgetFocus,1)</ondown>
                            <ondown condition="Window.IsVisible(Home)">3992</ondown>
                            <ondown condition="Window.IsVisible(Home)">SetProperty(WidgetMovement,OnDown)</ondown>
                            <ondown condition="Window.IsVisible(Home)">Control.Move(301,1)</ondown>
                            <onback condition="!Window.IsVisible(Home)">302</onback>
                            <onback condition="Window.IsVisible(Home)">3101</onback>
                            <onfocus condition="Skin.HasSetting(NoFanart)">SetProperty(TMDbHelper.Blur.SourceImage,Art(fallback),Home)</onfocus>
                            .
                            <onfocus condition="!Skin.HasSetting(NoFanart)">SetProperty(TMDbHelper.Blur.SourceImage,poster,Home)</onfocus>
                            <pagecontrol>60</pagecontrol>
                            <content>plugin://plugin.video.themoviedb.helper/?info=recommendations&amp;type=movie&amp;query=$INFO[Container(3001).ListItem.Title]</content>
                            <visible>String.IsEmpty(Container(302).ListItem.Property(widgetPath))</visible>
                            <visible>String.IsEmpty(Container(301).ListItem.Property(widgetPath))</visible>
                            <visible>!Container(3001).IsUpdating</visible>
                        </include>
                        <include>skinshortcuts-template-spotlight-submenu</include>
                        <include>skinshortcuts-template-spotlight-mainmenu</include>
                    </control>
                </control>
            </control>
        </control>
        <control type="group">
            <include>View_Pad</include>
            <include content="View_52_Posters_Wall" condition="Window.IsVisible(1150)">
                <param name="id" value="5610" />
                <param name="wall-id" value="565610" />
                <param name="button-id" value="565620" />
            </include>
            <include content="View_54_Episodes_Wall" condition="Window.IsVisible(1150)">
                <param name="id" value="5610" />
                <param name="wall-id" value="565611" />
                <param name="button-id" value="565621" />
            </include>
            <include content="View_51_Addons_Wall" condition="Window.IsVisible(1150)">
                <param name="id" value="5610" />
                <param name="wall-id" value="565612" />
                <param name="button-id" value="565622" />
            </include>
        </control>
    </include>

    <include name="Home_Widget_Fullscreen_Info">
        <control type="group">
            <visible>!Integer.IsEqual(Container($PARAM[id]).NumItems,0)</visible>
            <control type="image">
                <texture background="true" colordiffuse="cdffffff">common/vignette-home.png</texture>
            </control>
            <control type="grouplist">
                <left>view_pad</left>
                <top>65</top>
                <bottom>view_pad</bottom>
                <width>1100</width>
                <align>bottom</align>
                <orientation>vertical</orientation>
                <usecontrolcoords>true</usecontrolcoords>
                <itemgap>0</itemgap>
                <include content="Object_Info_Title">
                    <param name="label" value="$INFO[Container($PARAM[id]).ListItem.Title]" />
                </include>
                <include content="Object_Info_Line">
                    <param name="label" value="$VAR[Label_Home_InfoLine]" />
                    <param name="image" value="$VAR[Image_Home_VideoQuality]" />
                </include>
                <include content="Object_Info_Ratings" condition="!Skin.HasSetting(DisableAllRatings)">
                    <param name="container" value="Container($PARAM[id])." />
                </include>
                <include content="Object_Info_Plot" condition="!Skin.HasSetting(DisableAllRatings)">
                    <param name="maxheight" value="80" />
                    <param name="height" value="auto" />
                    <param name="label" value="$INFO[Container($PARAM[id]).ListItem.Plot]" />
                </include>
                <include content="Object_Info_Plot" condition="Skin.HasSetting(DisableAllRatings)">
                    <param name="maxheight" value="80" />
                    <param name="height" value="auto" />
                    <param name="label" value="$INFO[Container($PARAM[id]).ListItem.Plot]" />
                    <top>10</top>
                </include>
            </control>
            <control type="image">
                <right>view_pad</right>
                <bottom>view_pad</bottom>
                <aspectratio align="right" aligny="bottom">keep</aspectratio>
                <height>80</height>
                <fadetime>200</fadetime>
                <animation effect="slide" end="-160" time="400" tween="quadratic" condition="Control.HasFocus(301) | Control.HasFocus(303) | [Control.HasFocus(3992) + String.IsEmpty(Window.Property(WidgetFocus))] | Skin.HasSetting(LockMainMenu)">Conditional</animation>
                <texture background="true">$VAR[Image_Home_ClearLogo]</texture>
            </control>
        </control>
    </include>
    <include name="Home_Widget_Fullscreen">
        <param name="content" default="$VAR[Defs_ScreensaverWidget]" />
        <param name="sortby" default="random" />
        <param name="target" default="videos" />
        <param name="id" default="3001" />
        <definition>
            <control type="list" id="$PARAM[id]">
                <nested />
                <orientation>horizontal</orientation>
                <scrolltime tween="quadratic">400</scrolltime>
                <itemlayout width="1920" height="1080">
                    <control type="image">
                        <texture background="true">$VAR[Image_Fanart]</texture>
                    </control>
                </itemlayout>
                <focusedlayout width="1920" height="1080">
                    <control type="image">
                        <texture background="true">$VAR[Image_Fanart]</texture>
                    </control>
                </focusedlayout>
                <content target="videos" sortby="random">$PARAM[content]</content>
                <include content="Defs_AutoScroll">
                    <param name="condition" value="!Control.HasFocus(3001) + System.IdleTime(1) + !Skin.HasSetting(DisableAutoScrollWidgets)" />
                </include>
            </control>

            <include content="Home_Widget_Fullscreen_Info">
                <param name="id" value="$PARAM[id]" />
            </include>
        </definition>
    </include>

    <include name="Home_Hub_Widget_Label">
        <param name="label" default="$VAR[Label_WidgetName]" />
        <definition>
            <control type="group">
                <nested />
                <left>-15</left>
                <top>358</top>
                <include content="View_Cast_Toplabel">
                    <param name="groupid" value="$PARAM[groupid]" />
                    <param name="id" value="$PARAM[id]" />
                    <param name="label" value="$PARAM[label]" />
                    <param name="altlabel" value="$PARAM[altlabel]" />
                    <param name="showtitle" value="$PARAM[showtitle]" />
                    <param name="altid" value="$PARAM[altid]" />
                    <param name="showonupdate" value="$PARAM[showonupdate]" />
                </include>
            </control>
        </definition>
    </include>

    <include name="Home_Menu_Header">
        <param name="iconvisible" default="true" />
        <param name="width" default="450" />
        <definition>
            <control type="group">
                <top>-24</top>
                <width>$PARAM[width]</width>
                <height>item_list_height</height>
                <nested />
                <control type="image">
                    <top>78</top>
                    <height>1</height>
                    <left>41</left>
                    <right>41</right>
                    <texture colordiffuse="$VAR[Defs_HomeMenu_Line_BG]">common/white.png</texture>
                </control>
                <control type="image">
                    <top>79</top>
                    <height>1</height>
                    <left>41</left>
                    <right>41</right>
                    <texture colordiffuse="$VAR[Defs_HomeMenu_Line_FG]">common/white.png</texture>
                </control>
                <include content="Object_Control" condition="$PARAM[iconvisible]">
                    <param name="type" value="image" />
                    <left>40</left>
                    <bottom>-4</bottom>
                    <width>item_list_height</width>
                    <height>item_list_height</height>
                    <bordersize>8</bordersize>
                    <texture background="true" colordiffuse="$VAR[Defs_HomeMenu_Icon]">$PARAM[icon]</texture>
                </include>
            </control>
        </definition>
    </include>

    <include name="Home_Menu">
        <param name="focusbutton" default="false" />
        <param name="icononly" default="false" />
        <param name="top" default="view_pad" />
        <definition>
            <control type="list" id="$PARAM[id]">
                <top>$PARAM[top]</top>
                <bottom>view_pad</bottom>
                <orientation>vertical</orientation>
                <itemlayout height="item_list_height" width="160">
                    <control type="group">
                        <control type="image">
                            <right>40</right>
                            <width>item_list_height</width>
                            <height>item_list_height</height>
                            <bordersize>8</bordersize>
                            <texture background="true" colordiffuse="$VAR[Defs_HomeMenu_Icon]">$INFO[ListItem.Icon]</texture>
                        </control>
                    </control>
                </itemlayout>
                <focusedlayout height="item_list_height" width="160">
                    <control type="group">
                        <visible>!Control.HasFocus(301) + !Control.HasFocus(303) + ![Control.HasFocus(3992) + String.IsEmpty(Window.Property(WidgetFocus))]</visible>
                        <control type="image">
                            <right>40</right>
                            <width>item_list_height</width>
                            <height>item_list_height</height>
                            <bordersize>8</bordersize>
                            <texture background="true" colordiffuse="$VAR[Defs_HomeMenu_Icon]">$INFO[ListItem.Icon]</texture>
                        </control>
                    </control>
                    <control type="group">
                        <visible>Control.HasFocus(301) | Control.HasFocus(303) | [Control.HasFocus(3992) + String.IsEmpty(Window.Property(WidgetFocus))]</visible>
                        <control type="image">
                            <texture colordiffuse="$VAR[ColorHighlight]">common/white.png</texture>
                        </control>
                        <control type="image">
                            <texture colordiffuse="$VAR[ColorGradient]">common/white-gradient.png</texture>
                        </control>
                        <control type="image">
                            <right>40</right>
                            <width>item_list_height</width>
                            <height>item_list_height</height>
                            <bordersize>8</bordersize>
                            <texture background="true" colordiffuse="Selected">$INFO[ListItem.Icon]</texture>
                        </control>
                    </control>
                </focusedlayout>
                <nested />
            </control>
        </definition>
    </include>

    <include name="Home_Menu_Vertical">
        <param name="mainmenu-id" default="301" />
        <definition>
            <include content="Viewtype_Panel">
                <param name="width" value="160" />
                <param name="background" value="false" />
                <param name="logohastext" value="false" />
                <param name="colordiffuse" value="$VAR[Defs_HomeMenu_Background]" />
                <include content="Object_Control">
                    <param name="type" value="group" />
                    <top>120</top>
                    <include content="Home_Menu_Header">
                        <param name="width" value="160" />
                        <param name="icon" value="special://skin/extras/icons/home.png" />
                        <param name="iconvisible" value="False" />
                    </include>
                    <include content="Home_Menu">
                        <param name="id" value="$PARAM[mainmenu-id]" />
                        <param name="font" value="font_mainmenu" />
                        <param name="top" value="view_pad" />
                        <onfocus>RunScript(plugin.video.themoviedb.helper,blur_image=$VAR[Global_Background_Image_NoFanart_Fallback])</onfocus>
                        <onfocus>ClearProperty(TMDbHelper.WidgetContainer,Home)</onfocus>
                        <onback>3000</onback>
                        <onfocus>ClearProperty(WidgetMovement)</onfocus>
                        <onfocus>ClearProperty(WidgetFocus)</onfocus>
                        <onfocus condition="String.IsEmpty(Window.Property(301Click))">SetFocus(3992)</onfocus>
                        <onfocus>ClearProperty(301Click)</onfocus>
                        <include>Home_Movement_LeftRight</include>
                        <content><include>skinshortcuts-mainmenu</include></content>
                    </include>
                </include>
            </include>
        </definition>
    </include>

    <include name="Home_Vertical_Info">
        <param name="plotheight" default="160" />
        <definition>
            <control type="group" id="$PARAM[groupid]">
                <nested />
                <control type="grouplist">
                    <top>5</top>
                    <left>100</left>
                    <bottom>60</bottom>
                    <include condition="Skin.HasSetting(LockMainMenu)">Viewtype_Info_Right_FixedHome</include>
                    <include condition="!Skin.HasSetting(LockMainMenu)">Viewtype_Info_Right</include>
                    <orientation>vertical</orientation>
                    <usecontrolcoords>true</usecontrolcoords>
                    <itemgap>0</itemgap>
                    <include content="Object_Info_Title">
                        <param name="label" value="$INFO[Container($PARAM[id]).ListItem.TvShowTitle]" />
                        <visible>!String.IsEmpty(Container($PARAM[id]).ListItem.TvShowTitle)</visible>
                    </include>
                    <include content="Object_Info_Title">
                        <param name="label" value="$INFO[Container($PARAM[id]).ListItem.Title]" />
                        <visible>String.IsEmpty(Container($PARAM[id]).ListItem.TvShowTitle) + !String.IsEmpty(Container($PARAM[id]).ListItem.Title)</visible>
                    </include>
                    <include content="Object_Info_Title">
                        <param name="label" value="$INFO[Container($PARAM[id]).ListItem.Label]" />
                        <visible>String.IsEmpty(Container($PARAM[id]).ListItem.TvShowTitle) + String.IsEmpty(Container($PARAM[id]).ListItem.Title)</visible>
                    </include>
                    <include content="Object_Info_Line">
                        <param name="label" value="$VAR[Label_Home_InfoLine]" />
                        <param name="image" value="$VAR[Image_Home_VideoQuality]" />
                    </include>
                    <include content="Object_Info_Ratings">
                        <param name="container" value="Container($PARAM[id])." />
                        <visible>String.IsEqual(Container($PARAM[id]).ListItem.DBType,movie) | String.IsEqual(Container($PARAM[id]).ListItem.DBType,episode) | String.IsEqual(Container($PARAM[id]).ListItem.DBType,tvshow) | String.IsEqual(Container($PARAM[id]).ListItem.DBType,season) | String.IsEqual(Container($PARAM[id]).ListItem.DBType,set)</visible>
                    </include>
                    <include content="Object_Info_Title">
                        <param name="font" value="font_small_bold" />
                        <param name="titleheight" value="10" />
                        <param name="label" value="$INFO[Container($PARAM[id]).ListItem.Title]" />
                        <top>30</top>
                        <visible>String.IsEqual(Container($PARAM[id]).ListItem.DBType,episode)</visible>
                    </include>
                    <include content="Object_Info_Plot">
                        <param name="maxheight" value="$PARAM[plotheight]" />
                        <param name="height" value="auto" />
                        <param name="label" value="$INFO[Container($PARAM[id]).ListItem.Plot]$INFO[Container($PARAM[id]).ListItem.Property(Album_Description)]$INFO[Container($PARAM[id]).ListItem.Property(Artist_Description)]$INFO[Container($PARAM[id]).ListItem.AddonDescription]" />
                    </include>
                </control>
            </control>
        </definition>
    </include>
</includes>

