<?xml version="1.0" encoding="UTF-8"?>
<includes>

    <variable name="Defs_PercentPlayed">
        <value condition="!String.IsEmpty(ListItem.PercentPlayed) + !Integer.IsEqual(ListItem.PercentPlayed,0)">$INFO[ListItem.PercentPlayed]</value>
        <value condition="String.IsEqual(ListItem.Overlay,OverlayWatched.png) + !Skin.HasSetting(DisableIndicator.Watched)">100</value>
    </variable>
    <variable name="Image_Overlay">
        <value condition="[String.IsEqual(ListItem.DBType,tvshow) | String.IsEqual(ListItem.DBType,season)] + !Integer.IsEqual(ListItem.Property(UnWatchedEpisodes),0) + !Skin.HasSetting(DisableIndicator.Episodes)">common/null.png</value>
        <value condition="ListItem.IsRecording">indicator/record.png</value>
        <value condition="ListItem.HasTimer">indicator/timer.png</value>
        <value condition="Skin.HasSetting(EnableClassicIndicators) + ListItem.IsResumable + !Skin.HasSetting(DisableIndicator.Progress)">$VAR[Image_Overlay_IsResumable]</value>
        <value condition="ListItem.IsResumable + !Skin.HasSetting(DisableIndicator.Progress)">indicator/timer.png</value>
        <value condition="String.IsEqual(ListItem.Overlay,OverlayWatched.png) + !Skin.HasSetting(DisableIndicator.Watched)">indicator/checkmark.png</value>
        <value condition="Integer.IsGreater(ListItem.PlayCount,0) + !String.IsEqual(ListItem.DBType,song) + !String.IsEqual(ListItem.DBType,album) + !String.IsEqual(ListItem.DBType,artist) + !String.IsEqual(ListItem.DBType,image) + !String.IsEqual(ListItem.DBType,addon) + !Skin.HasSetting(DisableIndicator.Watched)">indicator/checkmark.png</value>
        <value condition="String.IsEqual(ListItem.Overlay,OverlayUnwatched.png) + String.IsEqual(ListItem.DBType,movie) + [String.IsEqual(ListItem.Title,Window(Home).Property(LatestMovie.1.Title)) | String.IsEqual(ListItem.Title,Window(Home).Property(LatestMovie.2.Title)) | String.IsEqual(ListItem.Title,Window(Home).Property(LatestMovie.3.Title)) | String.IsEqual(ListItem.Title,Window(Home).Property(LatestMovie.4.Title)) | String.IsEqual(ListItem.Title,Window(Home).Property(LatestMovie.5.Title)) | String.IsEqual(ListItem.Title,Window(Home).Property(LatestMovie.6.Title)) | String.IsEqual(ListItem.Title,Window(Home).Property(LatestMovie.7.Title)) | String.IsEqual(ListItem.Title,Window(Home).Property(LatestMovie.8.Title)) | String.IsEqual(ListItem.Title,Window(Home).Property(LatestMovie.9.Title)) | String.IsEqual(ListItem.Title,Window(Home).Property(LatestMovie.10.Title))] + !Skin.HasSetting(DisableIndicator.New)">indicator/new.png</value>
        <value condition="String.IsEqual(ListItem.Overlay,OverlayUnwatched.png) + String.IsEqual(ListItem.DBType,episode) + [String.IsEqual(ListItem.Title,Window(Home).Property(LatestEpisode.1.EpisodeTitle)) | String.IsEqual(ListItem.Title,Window(Home).Property(LatestEpisode.2.EpisodeTitle)) | String.IsEqual(ListItem.Title,Window(Home).Property(LatestEpisode.3.EpisodeTitle)) | String.IsEqual(ListItem.Title,Window(Home).Property(LatestEpisode.4.EpisodeTitle)) | String.IsEqual(ListItem.Title,Window(Home).Property(LatestEpisode.5.EpisodeTitle)) | String.IsEqual(ListItem.Title,Window(Home).Property(LatestEpisode.6.EpisodeTitle)) | String.IsEqual(ListItem.Title,Window(Home).Property(LatestEpisode.7.EpisodeTitle)) | String.IsEqual(ListItem.Title,Window(Home).Property(LatestEpisode.8.EpisodeTitle)) | String.IsEqual(ListItem.Title,Window(Home).Property(LatestEpisode.9.EpisodeTitle)) | String.IsEqual(ListItem.Title,Window(Home).Property(LatestEpisode.10.EpisodeTitle))] + !Skin.HasSetting(DisableIndicator.New)">indicator/new.png</value>
        <value condition="!String.IsEmpty(ListItem.Property(Container.Info)) + !String.IsEmpty(ListItem.DBID) + !Skin.HasSetting(DisableIndicator.Library)">indicator/library.png</value>
        <value condition="ListItem.IsCollection + !Skin.HasSetting(DisableIndicator.MovieSet)">indicator/movieset.png</value>
        <value condition="Window.IsVisible(AddonBrowser.xml) + String.IsEqual(ListItem.Label2,$LOCALIZE[449])">indicator/checkmark.png</value>
        <value condition="Window.IsVisible(AddonBrowser.xml) + String.IsEqual(ListItem.Label2,$LOCALIZE[24068])">indicator/unwatched.png</value>
        <value condition="Window.IsVisible(AddonBrowser.xml) + String.EndsWith(ListItem.Label2, 67%) | String.EndsWith(ListItem.Label2, 68%) | String.EndsWith(ListItem.Label2, 69%) | String.EndsWith(ListItem.Label2, 70%) | String.EndsWith(ListItem.Label2, 71%) | String.EndsWith(ListItem.Label2, 72%) | String.EndsWith(ListItem.Label2, 73%) | String.EndsWith(ListItem.Label2, 74%) | String.EndsWith(ListItem.Label2, 75%) | String.EndsWith(ListItem.Label2, 76%) | String.EndsWith(ListItem.Label2, 77%) | String.EndsWith(ListItem.Label2, 78%) | String.EndsWith(ListItem.Label2, 79%) | String.EndsWith(ListItem.Label2, 80%) | String.EndsWith(ListItem.Label2, 81%) | String.EndsWith(ListItem.Label2, 82%) | String.EndsWith(ListItem.Label2, 83%) | String.EndsWith(ListItem.Label2, 84%) | String.EndsWith(ListItem.Label2, 85%) | String.EndsWith(ListItem.Label2, 86%) | String.EndsWith(ListItem.Label2, 87%) | String.EndsWith(ListItem.Label2, 88%) | String.EndsWith(ListItem.Label2, 89%) | String.EndsWith(ListItem.Label2, 90%) | String.EndsWith(ListItem.Label2, 91%) | String.EndsWith(ListItem.Label2, 92%) | String.EndsWith(ListItem.Label2, 93%) | String.EndsWith(ListItem.Label2, 94%) | String.EndsWith(ListItem.Label2, 95%) | String.EndsWith(ListItem.Label2, 96%) | String.EndsWith(ListItem.Label2, 97%) | String.EndsWith(ListItem.Label2, 98%) | String.EndsWith(ListItem.Label2, 99%) | String.EndsWith(ListItem.Label2, 100%)">indicator/inprogress-75.png</value>
        <value condition="Window.IsVisible(AddonBrowser.xml) + String.EndsWith(ListItem.Label2, 34%) | String.EndsWith(ListItem.Label2, 35%) | String.EndsWith(ListItem.Label2, 36%) | String.EndsWith(ListItem.Label2, 37%) | String.EndsWith(ListItem.Label2, 38%) | String.EndsWith(ListItem.Label2, 39%) | String.EndsWith(ListItem.Label2, 40%) | String.EndsWith(ListItem.Label2, 41%) | String.EndsWith(ListItem.Label2, 42%) | String.EndsWith(ListItem.Label2, 43%) | String.EndsWith(ListItem.Label2, 44%) | String.EndsWith(ListItem.Label2, 45%) | String.EndsWith(ListItem.Label2, 46%) | String.EndsWith(ListItem.Label2, 47%) | String.EndsWith(ListItem.Label2, 48%) | String.EndsWith(ListItem.Label2, 49%) | String.EndsWith(ListItem.Label2, 50%) | String.EndsWith(ListItem.Label2, 51%) | String.EndsWith(ListItem.Label2, 52%) | String.EndsWith(ListItem.Label2, 53%) | String.EndsWith(ListItem.Label2, 54%) | String.EndsWith(ListItem.Label2, 55%) | String.EndsWith(ListItem.Label2, 56%) | String.EndsWith(ListItem.Label2, 57%) | String.EndsWith(ListItem.Label2, 58%) | String.EndsWith(ListItem.Label2, 59%) | String.EndsWith(ListItem.Label2, 60%) | String.EndsWith(ListItem.Label2, 61%) | String.EndsWith(ListItem.Label2, 62%) | String.EndsWith(ListItem.Label2, 63%) | String.EndsWith(ListItem.Label2, 64%) | String.EndsWith(ListItem.Label2, 65%) | String.EndsWith(ListItem.Label2, 66%)">indicator/inprogress-50.png</value>
        <value condition="Window.IsVisible(AddonBrowser.xml) + String.EndsWith(ListItem.Label2, 0%) | String.EndsWith(ListItem.Label2, 1%) | String.EndsWith(ListItem.Label2, 2%) | String.EndsWith(ListItem.Label2, 3%) | String.EndsWith(ListItem.Label2, 4%) | String.EndsWith(ListItem.Label2, 5%) | String.EndsWith(ListItem.Label2, 6%) | String.EndsWith(ListItem.Label2, 7%) | String.EndsWith(ListItem.Label2, 8%) | String.EndsWith(ListItem.Label2, 9%) | String.EndsWith(ListItem.Label2, 10%) | String.EndsWith(ListItem.Label2, 11%) | String.EndsWith(ListItem.Label2, 12%) | String.EndsWith(ListItem.Label2, 13%) | String.EndsWith(ListItem.Label2, 14%) | String.EndsWith(ListItem.Label2, 15%) | String.EndsWith(ListItem.Label2, 16%) | String.EndsWith(ListItem.Label2, 17%) | String.EndsWith(ListItem.Label2, 18%) | String.EndsWith(ListItem.Label2, 19%) | String.EndsWith(ListItem.Label2, 20%) | String.EndsWith(ListItem.Label2, 21%) | String.EndsWith(ListItem.Label2, 22%) | String.EndsWith(ListItem.Label2, 23%) | String.EndsWith(ListItem.Label2, 24%) | String.EndsWith(ListItem.Label2, 25%) | String.EndsWith(ListItem.Label2, 26%) | String.EndsWith(ListItem.Label2, 27%) | String.EndsWith(ListItem.Label2, 28%) | String.EndsWith(ListItem.Label2, 29%) | String.EndsWith(ListItem.Label2, 30%) | String.EndsWith(ListItem.Label2, 31%) | String.EndsWith(ListItem.Label2, 32%) | String.EndsWith(ListItem.Label2, 33%)">indicator/inprogress-25.png</value>
    </variable>
    <variable name="Image_Overlay_Backing">
        <value condition="[String.IsEqual(ListItem.DBType,tvshow) | String.IsEqual(ListItem.DBType,season)] + !Integer.IsEqual(ListItem.Property(UnWatchedEpisodes),0) + !Skin.HasSetting(DisableIndicator.Episodes)">$VAR[Image_IndicatorStyle]</value>
        <value condition="ListItem.IsRecording">$VAR[Image_IndicatorStyle]</value>
        <value condition="ListItem.HasTimer">$VAR[Image_IndicatorStyle]</value>
        <value condition="ListItem.IsResumable + !Skin.HasSetting(DisableIndicator.Progress)">$VAR[Image_IndicatorStyle]</value>
        <value condition="String.IsEqual(ListItem.Overlay,OverlayWatched.png) + !Skin.HasSetting(DisableIndicator.Watched)">$VAR[Image_IndicatorStyle]</value>
        <value condition="Integer.IsGreater(ListItem.PlayCount,0) + !String.IsEqual(ListItem.DBType,song) + !String.IsEqual(ListItem.DBType,album) + !String.IsEqual(ListItem.DBType,artist) + !String.IsEqual(ListItem.DBType,image) + !String.IsEqual(ListItem.DBType,addon) + !Skin.HasSetting(DisableIndicator.Watched)">$VAR[Image_IndicatorStyle]</value>
        <value condition="String.IsEqual(ListItem.Overlay,OverlayUnwatched.png) + String.IsEqual(ListItem.DBType,movie) + [String.IsEqual(ListItem.Title,Window(Home).Property(LatestMovie.1.Title)) | String.IsEqual(ListItem.Title,Window(Home).Property(LatestMovie.2.Title)) | String.IsEqual(ListItem.Title,Window(Home).Property(LatestMovie.3.Title)) | String.IsEqual(ListItem.Title,Window(Home).Property(LatestMovie.4.Title)) | String.IsEqual(ListItem.Title,Window(Home).Property(LatestMovie.5.Title)) | String.IsEqual(ListItem.Title,Window(Home).Property(LatestMovie.6.Title)) | String.IsEqual(ListItem.Title,Window(Home).Property(LatestMovie.7.Title)) | String.IsEqual(ListItem.Title,Window(Home).Property(LatestMovie.8.Title)) | String.IsEqual(ListItem.Title,Window(Home).Property(LatestMovie.9.Title)) | String.IsEqual(ListItem.Title,Window(Home).Property(LatestMovie.10.Title))] + !Skin.HasSetting(DisableIndicator.New)">$VAR[Image_IndicatorStyle]</value>
        <value condition="String.IsEqual(ListItem.Overlay,OverlayUnwatched.png) + String.IsEqual(ListItem.DBType,episode) + [String.IsEqual(ListItem.Title,Window(Home).Property(LatestEpisode.1.EpisodeTitle)) | String.IsEqual(ListItem.Title,Window(Home).Property(LatestEpisode.2.EpisodeTitle)) | String.IsEqual(ListItem.Title,Window(Home).Property(LatestEpisode.3.EpisodeTitle)) | String.IsEqual(ListItem.Title,Window(Home).Property(LatestEpisode.4.EpisodeTitle)) | String.IsEqual(ListItem.Title,Window(Home).Property(LatestEpisode.5.EpisodeTitle)) | String.IsEqual(ListItem.Title,Window(Home).Property(LatestEpisode.6.EpisodeTitle)) | String.IsEqual(ListItem.Title,Window(Home).Property(LatestEpisode.7.EpisodeTitle)) | String.IsEqual(ListItem.Title,Window(Home).Property(LatestEpisode.8.EpisodeTitle)) | String.IsEqual(ListItem.Title,Window(Home).Property(LatestEpisode.9.EpisodeTitle)) | String.IsEqual(ListItem.Title,Window(Home).Property(LatestEpisode.10.EpisodeTitle))] + !Skin.HasSetting(DisableIndicator.New)">$VAR[Image_IndicatorStyle]</value>
        <value condition="!String.IsEmpty(ListItem.Property(Container.Info)) + !String.IsEmpty(ListItem.DBID) + !Skin.HasSetting(DisableIndicator.Library)">$VAR[Image_IndicatorStyle]</value>
        <value condition="ListItem.IsCollection + !Skin.HasSetting(DisableIndicator.MovieSet)">$VAR[Image_IndicatorStyle]</value>
        <value condition="Window.IsVisible(AddonBrowser.xml) + !String.IsEmpty(ListItem.Label2)">$VAR[Image_IndicatorStyle]</value>
    </variable>
    <variable name="Label_SmallLandscapeWidget_Sublabel">
        <value condition="!String.IsEmpty(ListItem.ChannelName)">$INFO[ListItem.ChannelName]</value>
        <value condition="!String.IsEmpty(ListItem.Property(NextDay))">$INFO[ListItem.Property(NextDay)]$INFO[ListItem.Property(ShortTime), @ ,]</value>
        <value condition="!String.IsEmpty(ListItem.TvShowTitle) + !String.IsEqual(ListItem.Label,ListItem.TvShowTitle)">$INFO[ListItem.TvShowTitle]</value>
        <value condition="!String.IsEmpty(ListItem.Studio) + [String.IsEqual(ListItem.DBType,video) | [String.IsEmpty(ListItem.DBType) + String.IsEmpty(ListItem.Genre)]]">$INFO[ListItem.Studio]$INFO[ListItem.Duration, - ,]</value>
        <value condition="!String.IsEmpty(ListItem.Artist) + String.IsEmpty(ListItem.Genre)">$INFO[ListItem.Artist]</value>
        <value condition="!String.IsEmpty(ListItem.Genre)">$INFO[ListItem.Genre]</value>
        <value condition="!String.IsEmpty(ListItem.Duration)">$INFO[ListItem.Duration]</value>
        <value condition="!String.IsEmpty(ListItem.AddonVersion)">$INFO[ListItem.AddonVersion]</value>
        <value condition="!String.IsEmpty(ListItem.PictureResolution)">$INFO[ListItem.PictureResolution]</value>
        <value condition="!String.IsEmpty(ListItem.Label2)">$INFO[ListItem.Label2]</value>
    </variable>
    <variable name="Image_Banner">
        <value condition="!String.IsEmpty(ListItem.Art(banner))">$INFO[ListItem.Art(banner)]</value>
        <value condition="!String.IsEmpty(ListItem.Art(tvshow.banner))">$INFO[ListItem.Art(tvshow.banner)]</value>
        <value condition="!String.IsEmpty(ListItem.Art(fanart))">$INFO[ListItem.Art(fanart)]</value>
        <value condition="True">$INFO[ListItem.Icon]</value>
    </variable>
    <variable name="Image_Landscape">
        <value condition="Container.Content(images)">$INFO[ListItem.Icon]</value>
        <value condition="!String.IsEmpty(ListItem.Art(thumb)) + String.IsEqual(ListItem.DBType,video) + !String.IsEqual(ListItem.Art(thumb),OverlaySpoiler.png)">$INFO[ListItem.Art(thumb)]</value>
        <value condition="!String.IsEmpty(ListItem.Art(thumb)) + String.IsEqual(ListItem.DBType,episode) + String.IsEmpty(ListItem.Property(airday)) + !String.IsEqual(ListItem.Art(thumb),OverlaySpoiler.png) + !String.IsEqual(ListItem.Art(thumb),ListItem.Art(poster)) + !String.IsEqual(ListItem.Art(thumb),ListItem.Art(tvshow.poster)) + !String.IsEqual(ListItem.Art(thumb),ListItem.ActualIcon)">$INFO[ListItem.Art(thumb)]</value>
        <value condition="!String.IsEmpty(ListItem.Art(tvshow.landscape)) + !Skin.HasSetting(DisableLandscapeArt)">$INFO[ListItem.Art(tvshow.landscape)]</value>
        <value condition="!String.IsEmpty(ListItem.Art(landscape)) + !Skin.HasSetting(DisableLandscapeArt)">$INFO[ListItem.Art(landscape)]</value>
        <value condition="!String.IsEmpty(ListItem.Art(tvshow.fanart))">$INFO[ListItem.Art(tvshow.fanart)]</value>
        <value condition="!String.IsEmpty(ListItem.Art(fanart))">$INFO[ListItem.Art(fanart)]</value>
        <value condition="!String.IsEmpty(ListItem.Property(fanart))">$INFO[ListItem.Property(fanart)]</value>
        <value condition="!String.IsEmpty(ListItem.Thumb)">$INFO[ListItem.Thumb]</value>
        <value condition="!String.IsEmpty(ListItem.Art(thumb))">$INFO[ListItem.Art(thumb)]</value>
        <value condition="True">$INFO[ListItem.Icon]</value>
    </variable>
    <variable name="Label_Landscape_Title">
        <value condition="String.IsEqual(ListItem.DBType,album) | String.IsEqual(ListItem.DBType,song)">$INFO[ListItem.Album]</value>
        <value condition="String.IsEqual(ListItem.DBType,episode)">$INFO[ListItem.Label]</value>
        <value condition="!String.IsEmpty(ListItem.Title)">$INFO[ListItem.Title]</value>
        <value condition="!String.IsEmpty(ListItem.Label)">$INFO[ListItem.Label]</value>
        <value condition="Window.IsVisible(DialogAddonInfo.xml)">$LOCALIZE[31209]</value>
    </variable>
    <variable name="Image_DefaultIcon">
        <value condition="String.IsEqual(ListItem.DBType,country) | String.IsEqual(ListItem.Property(dbtype),country)">$INFO[ListItem.Label,resource://resource.images.moviecountryicons.maps/,.png]</value>
        <value condition="String.IsEqual(ListItem.DBType,studio) | String.IsEqual(ListItem.Property(dbtype),studio)">$INFO[ListItem.Label,resource://resource.images.studios.white/,.png]</value>
        <value condition="String.IsEqual(ListItem.DBType,genre) | String.IsEqual(ListItem.Property(dbtype),genre)">$VAR[Image_GenreIcons_Path]$INFO[ListItem.Label,,.png]</value>
        <value condition="True">$INFO[ListItem.Icon]</value>
    </variable>
    <variable name="Image_Poster">
        <value condition="!String.IsEmpty(ListItem.Art(season.poster)) + !Window.IsVisible(Home)">$INFO[ListItem.Art(season.poster)]</value>
        <value condition="!String.IsEmpty(ListItem.Art(tvshow.poster)) + [String.IsEqual(ListItem.Property(Container.Info),library_nextaired) | String.IsEqual(ListItem.Property(Container.Info),trakt_calendar)]">$INFO[ListItem.Art(tvshow.poster)]</value>
        <value condition="!String.IsEmpty(ListItem.Art(poster))">$INFO[ListItem.Art(poster)]</value>
        <value condition="!String.IsEmpty(ListItem.Art(tvshow.poster))">$INFO[ListItem.Art(tvshow.poster)]</value>
        <value condition="True">$INFO[ListItem.Icon]</value>
    </variable>
    <variable name="Label_Plot_C530">
        <value condition="Window.IsVisible(1140) + Control.HasFocus(5002) + !String.IsEmpty(Container(5002).ListItem.Plot)">$INFO[Container(5002).ListItem.Plot]</value>
        <value condition="!String.IsEmpty(Container(530).ListItem.Property(Artist_Description))">$INFO[Container(530).ListItem.Property(Artist_Description)]</value>
        <value condition="!String.IsEmpty(Container(530).ListItem.Property(Album_Description))">$INFO[Container(530).ListItem.Property(Album_Description)]</value>
        <value condition="!String.IsEmpty(Container(530).ListItem.AddonDescription)">$INFO[Container(530).ListItem.AddonDescription]</value>
        <value condition="!String.IsEmpty(Container(530).ListItem.PlotOutline) + Skin.HasSetting(PlotOutline)">$INFO[Container(530).ListItem.PlotOutline]</value>
        <value condition="!String.IsEmpty(Container(530).ListItem.Plot)">$INFO[Container(530).ListItem.Plot]</value>
        <value condition="!String.IsEmpty(Window(Home).Property(TMDbHelper.ListItem.Plot))">$INFO[Window(Home).Property(TMDbHelper.ListItem.Plot)]</value>
    </variable>
    <variable name="Label_Plot_C580">
        <value condition="Window.IsVisible(1140) + Control.HasFocus(5002) + !String.IsEmpty(Container(5002).ListItem.Plot)">$INFO[Container(5002).ListItem.Plot]</value>
        <value condition="!String.IsEmpty(Container(580).ListItem.Property(Artist_Description))">$INFO[Container(580).ListItem.Property(Artist_Description)]</value>
        <value condition="!String.IsEmpty(Container(580).ListItem.Property(Album_Description))">$INFO[Container(580).ListItem.Property(Album_Description)]</value>
        <value condition="!String.IsEmpty(Container(580).ListItem.AddonDescription)">$INFO[Container(580).ListItem.AddonDescription]</value>
        <value condition="!String.IsEmpty(Container(580).ListItem.PlotOutline) + Skin.HasSetting(PlotOutline)">$INFO[Container(580).ListItem.PlotOutline]</value>
        <value condition="!String.IsEmpty(Container(580).ListItem.Plot)">$INFO[Container(580).ListItem.Plot]</value>
        <value condition="!String.IsEmpty(Window(Home).Property(TMDbHelper.ListItem.Plot))">$INFO[Window(Home).Property(TMDbHelper.ListItem.Plot)]</value>
    </variable>
    <variable name="Label_Plot_C590">
        <value condition="Window.IsVisible(1140) + Control.HasFocus(5002) + !String.IsEmpty(Container(5002).ListItem.Plot)">$INFO[Container(5002).ListItem.Plot]</value>
        <value condition="!String.IsEmpty(Container(590).ListItem.Property(Artist_Description))">$INFO[Container(590).ListItem.Property(Artist_Description)]</value>
        <value condition="!String.IsEmpty(Container(590).ListItem.Property(Album_Description))">$INFO[Container(590).ListItem.Property(Album_Description)]</value>
        <value condition="!String.IsEmpty(Container(590).ListItem.AddonDescription)">$INFO[Container(590).ListItem.AddonDescription]</value>
        <value condition="!String.IsEmpty(Container(590).ListItem.PlotOutline) + Skin.HasSetting(PlotOutline)">$INFO[Container(590).ListItem.PlotOutline]</value>
        <value condition="!String.IsEmpty(Container(590).ListItem.Plot)">$INFO[Container(590).ListItem.Plot]</value>
        <value condition="!String.IsEmpty(Window(Home).Property(TMDbHelper.ListItem.Plot))">$INFO[Window(Home).Property(TMDbHelper.ListItem.Plot)]</value>
    </variable>
    <variable name="Label_Plot_C3001">
        <value condition="Window.IsVisible(1140) + Control.HasFocus(5002) + !String.IsEmpty(Container(5002).ListItem.Plot)">$INFO[Container(5002).ListItem.Plot]</value>
        <value condition="!String.IsEmpty(Container(3001).ListItem.Property(Artist_Description))">$INFO[Container(3001).ListItem.Property(Artist_Description)]</value>
        <value condition="!String.IsEmpty(Container(3001).ListItem.Property(Album_Description))">$INFO[Container(3001).ListItem.Property(Album_Description)]</value>
        <value condition="!String.IsEmpty(Container(3001).ListItem.AddonDescription)">$INFO[Container(3001).ListItem.AddonDescription]</value>
        <value condition="!String.IsEmpty(Container(3001).ListItem.PlotOutline) + Skin.HasSetting(PlotOutline)">$INFO[Container(3001).ListItem.PlotOutline]</value>
        <value condition="!String.IsEmpty(Container(3001).ListItem.Plot)">$INFO[Container(3001).ListItem.Plot]</value>
        <value condition="!String.IsEmpty(Window(Home).Property(TMDbHelper.ListItem.Plot))">$INFO[Window(Home).Property(TMDbHelper.ListItem.Plot)]</value>
    </variable>
    <variable name="Label_Plot_C5610">
        <value condition="Window.IsVisible(1140) + Control.HasFocus(5002) + !String.IsEmpty(Container(5002).ListItem.Plot)">$INFO[Container(5002).ListItem.Plot]</value>
        <value condition="!String.IsEmpty(Container(5610).ListItem.Property(Artist_Description))">$INFO[Container(5610).ListItem.Property(Artist_Description)]</value>
        <value condition="!String.IsEmpty(Container(5610).ListItem.Property(Album_Description))">$INFO[Container(5610).ListItem.Property(Album_Description)]</value>
        <value condition="!String.IsEmpty(Container(5610).ListItem.AddonDescription)">$INFO[Container(5610).ListItem.AddonDescription]</value>
        <value condition="!String.IsEmpty(Container(5610).ListItem.PlotOutline) + Skin.HasSetting(PlotOutline)">$INFO[Container(5610).ListItem.PlotOutline]</value>
        <value condition="!String.IsEmpty(Container(5610).ListItem.Plot)">$INFO[Container(5610).ListItem.Plot]</value>
        <value condition="!String.IsEmpty(Window(Home).Property(TMDbHelper.ListItem.Plot))">$INFO[Window(Home).Property(TMDbHelper.ListItem.Plot)]</value>
    </variable>
    <variable name="Label_Plot">
        <value condition="Window.IsVisible(1140) + Control.HasFocus(5002) + !String.IsEmpty(Container(5002).ListItem.Plot)">$INFO[Container(5002).ListItem.Plot]</value>
        <value condition="!String.IsEmpty(ListItem.Property(Artist_Description))">$INFO[ListItem.Property(Artist_Description)]</value>
        <value condition="!String.IsEmpty(ListItem.Property(Album_Description))">$INFO[ListItem.Property(Album_Description)]</value>
        <value condition="!String.IsEmpty(ListItem.AddonDescription)">$INFO[ListItem.AddonDescription]</value>
        <value condition="!String.IsEmpty(ListItem.PlotOutline) + Skin.HasSetting(PlotOutline)">$INFO[ListItem.PlotOutline]</value>
        <value condition="!String.IsEmpty(ListItem.Plot)">$INFO[ListItem.Plot]</value>
        <value condition="!String.IsEmpty(Window(Home).Property(TMDbHelper.ListItem.Plot))">$INFO[Window(Home).Property(TMDbHelper.ListItem.Plot)]</value>
    </variable>
    <expression name="Exp_DefaultIcon">[String.IsEmpty(ListItem.Art(poster)) + String.IsEmpty(ListItem.Art(tvshow.poster)) + String.IsEmpty(ListItem.Art(fanart)) + String.IsEmpty(ListItem.Art(tvshow.fanart)) + String.IsEmpty(ListItem.Art(clearlogo))  + String.IsEmpty(ListItem.Art(landscape)) + [String.IsEqual(ListItem.Icon,ListItem.ActualIcon) | [Window.IsVisible(AddonBrowser.xml) + String.IsEmpty(ListItem.AddonName)] | [Window.IsMedia + String.IsEmpty(Container.FolderPath)]]]</expression>
    <expression name="Exp_SpecialIcon">[[String.IsEqual(ListItem.DBType,country) | String.IsEqual(ListItem.Property(dbtype),country) | String.IsEqual(ListItem.DBType,studio) | String.IsEqual(ListItem.Property(dbtype),studio) | String.IsEqual(ListItem.DBType,genre) | String.IsEqual(ListItem.Property(dbtype),genre)] | [[!String.IsEmpty(ListItem.ChannelNumberLabel) | !String.IsEmpty(ListItem.ChannelName) | !String.IsEmpty(ListItem.ChannelNumber)] + [String.IsEmpty(ListItem.Art(poster)) + String.IsEmpty(ListItem.Art(tvshow.poster)) + String.IsEmpty(ListItem.Art(fanart))]]]</expression>
</includes>