<?xml version="1.0" encoding="UTF-8"?>
<includes>

    <include name="View_54_Episodes">
        <control type="group">
            <visible>Control.IsVisible(54)</visible>
            <include>Animation_Down</include>
            <include content="Viewtype_Landscape">
                <param name="id" value="54" />
                <param name="viewtype-label" value="$LOCALIZE[31234]" />
                <left>-80</left>
                <right>-80</right>
                <bottom>view_bottom</bottom>
                <include>Viewtype_Movement</include>
                <onfocus condition="!Skin.HasSetting(NoFanart) + ![Container.Content(episodes) | Container.Content(videos)]">SetProperty(TMDbHelper.Blur.SourceImage,landscape,Home)</onfocus>
                <onfocus condition="!Skin.HasSetting(NoFanart) + [Container.Content(episodes) | Container.Content(videos)]">SetProperty(TMDbHelper.Blur.SourceImage,thumb,Home)</onfocus>
                <onfocus condition="Skin.HasSetting(NoFanart)">SetProperty(TMDbHelper.Blur.SourceImage,Art(fallback),Home)</onfocus>
                <onfocus>ClearProperty(TMDbHelper.WidgetContainer,Home)</onfocus>
                <ondown condition="!Skin.HasSetting(DisableWallScroll) + [Container(54).HasNext | Container(54).HasPrevious]">SetProperty(WallMode,1)</ondown>
                <ondown condition="!Skin.HasSetting(DisableWallScroll) + [Container(54).HasNext | Container(54).HasPrevious]">Container.SetViewMode(5454)</ondown>
                <ondown condition="!Skin.HasSetting(DisableWallScroll) + [Container(54).HasNext | Container(54).HasPrevious]">SetFocus(25454)</ondown>
                <ondown condition="Skin.HasSetting(DisableWallScroll)">60</ondown>
                <pagecontrol>60</pagecontrol>
                <visible>$EXP[Exp_View_54]</visible>
                <visible>!Window.IsVisible(MyPlaylist.xml)</visible>
                <visible>!String.IsEqual(Container.Property(Param.Info),details)</visible>
            </include>
            <include content="Home_Hub_Widget_Label">
                <param name="id" value="54" />
                <param name="label" value="$VAR[Label_Header_Center]" />
                <param name="altlabel" value="$INFO[Control.GetLabel(3),, ]$INFO[Control.GetLabel(4)]" />
            </include>
        </control>
        <control type="group">
            <visible>Control.IsVisible(5454)</visible>
            <include>Animation_Down</include>
            <include content="Viewtype_WallSwitch">
                <param name="id" value="54" />
                <param name="include" value="Viewtype_Landscape" />
                <param name="viewtype-label" value="$LOCALIZE[31234]" />
                <visible>!Window.IsVisible(MyPlaylist.xml)</visible>
                <visible>!String.IsEqual(Container.Property(Param.Info),details)</visible>
            </include>
        </control>
    </include>


    <include name="View_504_EpisodeWall">

        <control type="group">
            <visible>Control.IsVisible(504)</visible>
            <include>Animation_Down</include>
            <!-- <include content="Animation_Down_Panel">
                <param name="id" value="504" />
            </include> -->
            <include content="Viewtype_Landscape">
                <param name="id" value="504" />
                <param name="viewtype-label" value="Landscape Wall" />
                <param name="control-type" value="panel" />
                <param name="orientation" value="horizontal" />
                <param name="height" value="800" />
                <left>-80</left>
                <!-- <width>46510</width>

                <include content="Animation_Wall_Slide">
                    <param name="id" value="504" />
                    <param name="slide" value="450" />
                </include>
                <include content="Animation_Wall_Slide_Return">
                    <param name="id" value="504" />
                    <param name="slide" value="450" />
                    <param name="condition" value="[Container(504).Row(0) + String.IsEmpty(Container(504).ListItemNoWrap(6).Label)] | [Container(504).Row(1) + String.IsEmpty(Container(504).ListItemNoWrap(5).Label)]" />
                </include>
                <include content="Animation_Wall_Slide_Return">
                    <param name="id" value="504" />
                    <param name="slide" value="450" />
                    <param name="condition" value="[Container(504).Row(0) + String.IsEmpty(Container(504).ListItemNoWrap(4).Label)] | [Container(504).Row(1) + String.IsEmpty(Container(504).ListItemNoWrap(3).Label)]" />
                </include>
                <include content="Animation_Wall_Slide_Return">
                    <param name="id" value="504" />
                    <param name="slide" value="450" />
                    <param name="condition" value="[Container(504).Row(0) + String.IsEmpty(Container(504).ListItemNoWrap(2).Label)] | [Container(504).Row(1) + String.IsEmpty(Container(504).ListItemNoWrap(1).Label)]" />
                </include>
                <animation effect="slide" end="-450" condition="!Integer.IsGreater(Container(504).NumItems,6)">Conditional</animation>
                <animation effect="slide" end="-450" condition="!Integer.IsGreater(Container(504).NumItems,4)">Conditional</animation>
                <animation effect="slide" end="-450" condition="!Integer.IsGreater(Container(504).NumItems,2)">Conditional</animation> -->

                <right>-80</right>
                <bottom>-100</bottom>
                <include>Viewtype_Movement</include>
                <onfocus condition="!Skin.HasSetting(NoFanart) + ![Container.Content(episodes) | Container.Content(videos)]">SetProperty(TMDbHelper.Blur.SourceImage,landscape,Home)</onfocus>

                <onfocus condition="!Skin.HasSetting(NoFanart) + [Container.Content(episodes) | Container.Content(videos)]">SetProperty(TMDbHelper.Blur.SourceImage,thumb,Home)</onfocus>

                <onfocus condition="Skin.HasSetting(NoFanart)">SetProperty(TMDbHelper.Blur.SourceImage,Art(fallback),Home)</onfocus>

                <ondown>60</ondown>
                <onup>SetFocus(9000)</onup>
                <pagecontrol>60</pagecontrol>
                <onfocus>ClearProperty(TMDbHelper.WidgetContainer,Home)</onfocus>
                <visible>$EXP[Exp_View_504]</visible>
                <visible>!Window.IsVisible(MyPlaylist.xml)</visible>
                <visible>!String.IsEqual(Container.Property(Param.Info),details)</visible>
            </include>
            <include content="Home_Hub_Widget_Label">
                <param name="id" value="504" />
                <param name="label" value="$VAR[Label_Header_Center]" />
                <param name="altlabel" value="$INFO[Control.GetLabel(3),, ]$INFO[Control.GetLabel(4)]" />
                <top>0</top>
            </include>
        </control>
    </include>

</includes>

