<?xml version="1.0" encoding="UTF-8"?>
<includes>

    <include name="View_Hub_HiddenList">
        <control type="list" id="302">
            <top>-1000</top>
            <left>-1000</left>
            <width>1000</width>
            <height>1</height>
            <orientation>horizontal</orientation>
            <ondown>5610</ondown>
            <onfocus>ClearProperty(FocusWidget)</onfocus>
            <itemlayout width="1"/>
            <focusedlayout width="1"/>
            <include>Items_SubMenu</include>
        </control>
    </include>

    <include name="View_Random_Showcase_List">
        <include content="Info_Widget_Poster">
            <param name="id" value="30$PARAM[id]" />
            <param name="groupid" value="31$PARAM[id]" />
            <param name="label" value="$INFO[Container(5001).ListItem($PARAM[id]).Label]" />
            <param name="viewtype-include" value="Viewtype_Poster" />
            <param name="widget-type" value="widgets" />
            <param name="issubmenu" value="true" />
            <param name="showonupdate" value="true" />
            <param name="visible" value="!String.IsEmpty(Container(5001).ListItem($PARAM[id]).FolderPath)" />
            <animation effect="fade" start="100" end="0" condition="Container(30$PARAM[id]).IsUpdating">Conditional</animation>
            <content target="videos">$INFO[Container(5001).ListItem($PARAM[id]).FolderPath]</content>
            <nested />
        </include>
    </include>

    <include name="View_Cast_Toplabel">
        <param name="altid" default="999999" />
        <param name="spinner-visible" default="true" />
        <param name="widget-type" default="infowidgets" />
        <param name="issubmenu" default="false" />
        <param name="showonupdate" default="false" />
        <definition>
            <control type="group" id="$PARAM[groupid]">
                <nested />
                <top>$PARAM[widget-type]_label_top</top>
                <height>$PARAM[widget-type]_item_top</height>
                <visible>Integer.IsGreater(Container($PARAM[id]).NumAllItems,0) | Container($PARAM[id]).IsUpdating | $PARAM[issubmenu]</visible>
                <control type="group">
                    <top>50</top>
                    <height>item_cast_height</height>
                    <include content="Defs_BusySpinner" condition="$PARAM[spinner-visible]">
                        <param name="label" value="$LOCALIZE[31428]..." />
                        <param name="textcolor" value="main_fg_70" />
                    </include>
                    <visible>Container($PARAM[id]).IsUpdating</visible>
                    <visible>Integer.IsEqual(Container($PARAM[id]).NumAllItems,0) | $PARAM[showonupdate]</visible>
                </control>
                <control type="grouplist" description="Focused List">
                    <right>100</right>
                    <height>$PARAM[widget-type]_item_top</height>
                    <orientation>horizontal</orientation>
                    <usecontrolcoords>true</usecontrolcoords>
                    <itemgap>10</itemgap>
                    <visible>Control.HasFocus($PARAM[id]) | Control.HasFocus($PARAM[altid])</visible>
                    <control type="label">
                        <top>17</top>
                        <left>15</left>
                        <width>auto</width>
                        <height>24</height>
                        <aligny>center</aligny>
                        <font>font_tiny_bold</font>
                        <textcolor>main_fg_100</textcolor>
                        <label>$PARAM[label]</label>
                    </control>
                    <control type="label">
                        <top>17</top>
                        <width>auto</width>
                        <label>|</label>
                        <aligny>center</aligny>
                        <textcolor>$VAR[ColorHighlight]</textcolor>
                        <font>font_tiny_bold</font>
                        <height>24</height>
                        <visible>!String.IsEmpty(Container($PARAM[id]).ListItem.Label)</visible>
                    </control>
                    <control type="label">
                        <top>17</top>
                        <width>auto</width>
                        <label>$PARAM[altlabel]</label>
                        <label>$INFO[Container($PARAM[id]).ListItem.Label]</label>
                        <aligny>center</aligny>
                        <textcolor>main_fg_100</textcolor>
                        <font>font_tiny</font>
                        <height>24</height>
                    </control>
                </control>
                <control type="grouplist" description="Unfocused List">
                    <right>100</right>
                    <height>$PARAM[widget-type]_item_top</height>
                    <orientation>horizontal</orientation>
                    <usecontrolcoords>true</usecontrolcoords>
                    <itemgap>10</itemgap>
                    <visible>!Control.HasFocus($PARAM[id]) + !Control.HasFocus($PARAM[altid])</visible>
                    <control type="label">
                        <top>17</top>
                        <left>15</left>
                        <width>auto</width>
                        <height>24</height>
                        <aligny>center</aligny>
                        <font>font_tiny_bold</font>
                        <textcolor>main_fg_30</textcolor>
                        <label>$PARAM[label]</label>
                    </control>
                </control>
            </control>
        </definition>
    </include>

    <include name="View_Cast_Label">
        <param name="label2" default="ListItem.Label2" />
        <param name="bordersize" default="15" />
        <definition>
            <control type="group">
                <nested />
                <height>$PARAM[iconheight]</height>
                <visible>$PARAM[visible]</visible>
                <control type="image">
                    <height>200</height>
                    <bottom>0</bottom>
                    <bordersize>$PARAM[bordersize]</bordersize>
                    <texture colordiffuse="bf000000" border="10">common/dim-actor.png</texture>
                </control>
                <control type="label">
                    <left>25</left>
                    <right>25</right>
                    <font>font_statusbar</font>
                    <textcolor>panel_fg_100</textcolor>
                    <bottom>45</bottom>
                    <height>30</height>
                    <aligny>center</aligny>
                    <align>left</align>
                    <label>$INFO[ListItem.Label]</label>
                    <visible>!String.IsEmpty($PARAM[label2])</visible>
                </control>
                <control type="label">
                    <left>25</left>
                    <right>25</right>
                    <font>font_statusbar</font>
                    <textcolor>panel_fg_70</textcolor>
                    <height>30</height>
                    <bottom>20</bottom>
                    <aligny>center</aligny>
                    <align>left</align>
                    <info>$PARAM[label2]</info>
                    <visible>!String.IsEmpty($PARAM[label2])</visible>
                </control>
                <control type="label">
                    <left>25</left>
                    <right>25</right>
                    <font>font_statusbar</font>
                    <textcolor>panel_fg_100</textcolor>
                    <bottom>20</bottom>
                    <height>30</height>
                    <aligny>center</aligny>
                    <align>left</align>
                    <label>$INFO[ListItem.Label]</label>
                    <visible>String.IsEmpty($PARAM[label2])</visible>
                </control>
            </control>
        </definition>
    </include>

    <include name="View_Cast_Job_Label">
        <include content="View_Cast_Label">
            <param name="label2" value="ListItem.Property(job)" />
            <param name="iconheight" value="$PARAM[iconheight]" />
        </include>
    </include>
    <include name="View_Cast_Character_Label">
        <include content="View_Cast_Label">
            <param name="label2" value="ListItem.Property(character)" />
            <param name="iconheight" value="$PARAM[iconheight]" />
        </include>
    </include>
    <include name="View_Cast_Video_Label">
        <param name="label2" default="ListItem.Duration" />
        <definition>
            <include content="View_Cast_Label">
                <param name="label2" value="$PARAM[label2]" />
                <param name="iconheight" value="$PARAM[iconheight]" />
            </include>
        </definition>
    </include>

    <include name="View_Vertical">
        <oninfo condition="ListItem.IsCollection">ActivateWindow(1140)</oninfo>
        <onleft>SetFocus(300)</onleft>
        <onright>60</onright>
        <orientation>vertical</orientation>
    </include>

    <include name="View_Horizontal">
        <oninfo condition="ListItem.IsCollection">ActivateWindow(1140)</oninfo>
        <onup>SetFocus(300)</onup>
        <ondown>60</ondown>
        <orientation>horizontal</orientation>
    </include>

    <include name="View_Vertical_Cast">
        <onback>8000</onback>
        <orientation>vertical</orientation>
    </include>
    <include name="View_Vertical_Back">
        <onback>8000</onback>
        <orientation>vertical</orientation>
    </include>
    <include name="View_Horizontal_Back">
        <onback>SetFocus(5050)</onback>
        <onback>8000</onback>
        <orientation>horizontal</orientation>
    </include>

    <include name="View_Settings">
        <param name="hideonwindowopen" default="!Window.IsVisible(Settings.xml)" />
        <param name="topid" default="5000" />
        <param name="bottomid" default="5100" />
        <definition>
            <control type="group">
                <include>View_Pad</include>
                <control type="group">
                    <top>-20</top>
                    <left>-100</left>
                    <right>-100</right>
                    <control type="grouplist" id="5300">
                        <top>widgets_group_top</top>
                        <height>widgets_group_height</height>
                        <orientation>vertical</orientation>
                        <itemgap>widgets_group_itemgap</itemgap>
                        <usecontrolcoords>true</usecontrolcoords>
                        <scrolltime tween="quadratic">400</scrolltime>
                        <control type="group" id="5200"><height>widgets_bumper_top</height></control>
                        <animation effect="fade" start="100" end="0" time="300" condition="$PARAM[hideonwindowopen]">WindowOpen</animation>
                        <include content="Info_Widget_Poster">
                            <param name="groupid" value="5101" />
                            <param name="id" value="5100" />
                            <param name="label" value="Management" />
                            <param name="viewtype-include" value="Viewtype_Settings" />
                            <param name="widget-type" value="widgets_settings_bottom" />
                            <include>Items_Settings_System</include>
                        </include>
                        <include content="Info_Widget_Poster">
                            <param name="groupid" value="5001" />
                            <param name="id" value="5000" />
                            <param name="label" value="Settings"/>
                            <param name="viewtype-include" value="Viewtype_Settings" />
                            <param name="widget-type" value="widgets_settings_top" />
                            <include>Items_Settings_Main</include>
                        </include>
                    </control>
                </control>
            </control>
        </definition>
    </include>

    <include name="View_Pad">
        <param name="top" default="view_top" />
        <param name="bottom" default="view_pad" />
        <param name="left" default="view_pad" />
        <param name="right" default="view_pad" />
        <definition>
            <top>$PARAM[top]</top>
            <bottom>$PARAM[bottom]</bottom>
            <left>$PARAM[left]</left>
            <right>$PARAM[right]</right>
        </definition>
    </include>

    <include name="View_WatchedOverlay">
        <control type="group">
            <control type="image">
                <top>14</top>
                <right>14</right>
                <width>48</width>
                <height>48</height>
                <texture colordiffuse="ff000000" border="10">$VAR[Image_Overlay_Corner]</texture>
            </control>
            <control type="image">
                <top>16</top>
                <right>16</right>
                <width>24</width>
                <height>24</height>
                <texture colordiffuse="ffffffff">$VAR[Image_Overlay]</texture>
            </control>
            <control type="label">
                <top>15</top>
                <right>15</right>
                <width>28</width>
                <height>28</height>
                <font>font_unwatched</font>
                <align>center</align>
                <textcolor>ffededed</textcolor>
                <label>$INFO[ListItem.Property(UnWatchedEpisodes)]</label>
                <visible>Integer.IsGreater(ListItem.Property(UnWatchedEpisodes),0) + [String.IsEqual(ListItem.DBType,tvshow) | String.IsEqual(ListItem.DBType,season)] + !Skin.HasSetting(DisableIndicator.Episodes)</visible>
            </control>
        </control>
    </include>

    <include name="View_WatchedOverlay_Focus">
        <control type="group">
            <visible>!Skin.HasSetting(DisableWatchedOverlay)</visible>
            <control type="image">
                <top>15</top>
                <right>15</right>
                <width>48</width>
                <height>48</height>
                <texture colordiffuse="$VAR[ColorHighlight]" border="10">$VAR[Image_Overlay_Corner]</texture>
            </control>
            <control type="image">
                <top>16</top>
                <right>16</right>
                <width>24</width>
                <height>24</height>
                <texture colordiffuse="panel_bg">$VAR[Image_Overlay_Focus]</texture>
            </control>
            <control type="label">
                <top>15</top>
                <right>15</right>
                <width>28</width>
                <height>28</height>
                <font>font_unwatched</font>
                <align>center</align>
                <textcolor>panel_bg</textcolor>
                <label>$INFO[ListItem.Property(UnWatchedEpisodes)]</label>
                <visible>Integer.IsGreater(ListItem.Property(UnWatchedEpisodes),0) + [String.IsEqual(ListItem.DBType,tvshow) | String.IsEqual(ListItem.DBType,season)] + !Skin.HasSetting(DisableIndicator.Episodes)</visible>
            </control>
        </control>
    </include>

    <include name="View_List_Selectbox">
        <param name="gradient" default="true" />
        <definition>
            <control type="group">
                <visible>Control.HasFocus($PARAM[id]) | Control.HasFocus($PARAM[altid])</visible>
                <animation type="Focus" condition="!Skin.HasSetting(BounceAnimations) + Container($PARAM[id]).OnNext" reversible="false">
                    <effect type="slide" start="0,-50" end="0,0" time="300" tween="back" easing="out" />
                </animation>
                <animation type="Focus" condition="!Skin.HasSetting(BounceAnimations) + Container($PARAM[id]).OnPrevious" reversible="false">
                    <effect type="slide" start="0,50" end="0,0" time="300" tween="back" easing="out" />
                </animation>
                <control type="group">
                    <height>50%</height>
                    <visible>!Container($PARAM[id]).Position(0) + ![Container($PARAM[id]).Position(1) + Integer.IsLess(Container($PARAM[id]).NumAllItems,7)] + ![Container($PARAM[id]).Position(2) + Integer.IsLess(Container($PARAM[id]).NumAllItems,5)] + ![Container($PARAM[id]).Position(3) + Integer.IsLess(Container($PARAM[id]).NumAllItems,3)]</visible>
                    <control type="image">
                        <texture colordiffuse="$VAR[ColorHighlight]" border="10">common/white.png</texture>
                    </control>
                    <control type="image">
                        <texture colordiffuse="$VAR[ColorGradient]" border="10">common/white-gradient.png</texture>
                    </control>
                </control>
                <control type="group">
                    <bottom>0</bottom>
                    <height>50%</height>
                    <visible>!Container($PARAM[id]).Position(6)</visible>
                    <control type="image">
                        <texture colordiffuse="$VAR[ColorHighlight]" border="10">common/white.png</texture>
                    </control>
                    <control type="image">
                        <texture colordiffuse="$VAR[ColorGradient]" border="10">common/white-gradient.png</texture>
                    </control>
                </control>
                <control type="group">
                    <control type="image">
                        <texture colordiffuse="$VAR[ColorHighlight]" border="10">common/box.png</texture>
                    </control>
                    <control type="image">
                        <texture colordiffuse="$VAR[ColorGradient]" border="10">common/box-gradient.png</texture>
                    </control>
                </control>
                <nested />
            </control>
        </definition>
    </include>

    <include name="View_Selectbox">
        <param name="overlay" default="true" />
        <param name="pad" default="-12" />
        <param name="colordiffuse" default="$VAR[ColorHighlight]" />
        <param name="focusbounce" default="true" />
        <param name="focusbounce-conditional" default="false" />
        <param name="gradient" default="true" />
        <definition>
            <control type="group">

                <animation type="Focus" condition="$PARAM[focusbounce]">
                    <effect type="zoom" start="96.5" end="100" time="150" tween="sine" easing="inout" center="auto"/>
                    <effect type="fade" start="20" end="100" time="150" tween="back" easing="out"/>
                </animation>
                <control type="group">
                    <include content="Defs_Pad">
                        <param name="pad" value="$PARAM[pad]" />
                    </include>
                    <control type="image">
                        <bordersize>20</bordersize>
                        <bordertexture border="32" colordiffuse="Shadow">common/shadow-20.png</bordertexture>
                        <texture border="20" colordiffuse="$PARAM[colordiffuse]">common/selectbox.png</texture>
                    </control>
                    <control type="image">
                        <bordersize>20</bordersize>
                        <texture colordiffuse="$VAR[ColorGradient]" border="20">common/selectbox-gradient.png</texture>
                        <visible>$PARAM[gradient]</visible>
                    </control>
                </control>
                <include condition="$PARAM[overlay]">View_WatchedOverlay_Focus</include>
                <nested />
            </control>
        </definition>
    </include>

</includes>

