<?xml version="1.0" encoding="UTF-8"?>
<addon id="script.skinvariables"
version="0.2.0"
name="Skin Variables"
provider-name="jurialmunkey">
<requires>
  <import addon="xbmc.python" version="3.0.0"/>
</requires>
<extension point="xbmc.python.script" library="script.py" />
<extension point="xbmc.addon.metadata">
  <summary lang="en_GB">Skin Variables helps skinners to construct variables and expressions for multiple containers and listitems using a template</summary>
  <description lang="en_GB">Skin Variables helps skinners to construct variables and expressions for multiple containers and listitems using a template</description>
  <disclaimer lang="en_GB">For skinners</disclaimer>
  <license>GPL-3.0</license>
  <assets>
    <icon>icon.png</icon>
    <fanart>fanart.jpg</fanart>
  </assets>
  <news>0.2.0 - Allow localization of viewtype names</news>
</extension>
</addon>
