<?xml version="1.0" encoding="UTF-8"?>
<!-- Foundation -->
<includes>

    <include file="Defaults.xml" />

    <include file="Includes_Home.xml" />

    <include file="Includes_View_50_Tags.xml" />
    <include file="Includes_View_51_Addons.xml" />
    <include file="Includes_View_52_Posters.xml" />
    <include file="Includes_View_53_Seasons.xml" />
    <include file="Includes_View_54_Episodes.xml" />
    <include file="Includes_View_55_List.xml" />
    <include file="Includes_View_56_Banners.xml" />
    <include file="Includes_View_57_BigBanner.xml" />
    <include file="Includes_View_PVR.xml" />
    <include file="Includes_View_Info.xml" />
    <include file="Includes_Viewtype.xml" />
    <include file="Includes_Info.xml" />
    <include file="Includes_Home.xml" />
    <include file="Includes_DialogVideoInfo.xml" />
    <include file="Includes_DialogMusicInfo.xml" />

    <include file="Includes_Animations.xml" />
    <include file="Includes_Defs.xml" />
    <include file="Includes_Dialog.xml" />
    <include file="Includes_Global.xml" />
    <include file="Includes_Items.xml" />
    <include file="Includes_Images.xml" />
    <include file="Includes_Labels.xml" />
    <include file="Includes_Object.xml" />
    <include file="Includes_OSD.xml" />
    <include file="Includes_Topbar.xml" />
    <include file="Includes_VideoLyrics.xml" />
    <include file="Includes_Weather.xml" />

    <include file="Includes_View.xml" />

    <include file="script-skinshortcuts-includes.xml"/>
    <include file="script-skinvariables-includes.xml" />
    <include file="script-skinviewtypes-includes.xml" />

    <include file="Constants_Main.xml" />

    <!-- Highlight Color -->
    <variable name="ColorHighlight">
        <value condition="Skin.HasSetting(EnableColorMatch) + !String.IsEqual(Window(home).Property(SEVEN_daemon_set),None) + !String.IsEmpty(Window(home).Property(ImageColorSEVEN)) + !String.IsEqual(Window(home).Property(ImageColorSEVEN),ffffffff) + !String.IsEqual(Window(home).Property(ImageColorSEVEN),ff000000)">$INFO[Window(home).Property(ImageColorSEVEN)]</value>
        <value condition="!String.IsEmpty(Skin.String(focuscolor.name))">$INFO[Skin.String(focuscolor.name)]</value>
        <value>Highlight</value>
    </variable>

    <!-- Gradient Color -->
    <variable name="ColorGradient">
        <value condition="Skin.HasSetting(EnableColorMatch) + !String.IsEqual(Window(home).Property(SEVEN_daemon_set),None) + !String.IsEmpty(Window(home).Property(ImageCColorSEVEN)) + !String.IsEqual(Window(home).Property(ImageCColorSEVEN),ffffffff) + !String.IsEqual(Window(home).Property(ImageCColorSEVEN),ff000000)">$INFO[Window(home).Property(ImageCColorSEVEN)]</value>
        <value condition="!Skin.HasSetting(EnableMonochromeHighlight) + !String.IsEmpty(Skin.String(gradientcolor.name))">$INFO[Skin.String(gradientcolor.name)]</value>
        <value condition="!Skin.HasSetting(EnableMonochromeHighlight)">Gradient</value>
        <value>00ffffff</value>
    </variable>

    <!-- Overlay Color -->
    <variable name="ColorOverlay">
        <value condition="Skin.HasSetting(DisableOverlay)">7f000000</value>
        <value condition="!String.IsEmpty(Skin.String(overlaycolor.name))">$INFO[Skin.String(overlaycolor.name)]</value>
        <value>Highlight</value>
    </variable>

    <include name="Dimensions_Fullscreen">
        <left>0</left>
        <top>0</top>
        <width>1920</width>
        <height>1080</height>
    </include>
</includes>
