<?xml version="1.0" encoding="UTF-8"?>
<window type="window" id="1141">
    <defaultcontrol always="true">3101</defaultcontrol>
    <onload>SetProperty(Header_Left_Text,Showcase)</onload>
    <onunload>ClearProperty(TMDbHelper.WidgetContainer,Home)</onunload>
    <onload>AlarmClock(refocusit,SetFocus(3101),00:01,silent)</onload>
    <controls>
        <control type="wraplist" id="1297">
            <ondown>3101</ondown>
            <onup>3101</onup>
            <orientation>horizontal</orientation>
            <scrolltime tween="quadratic">400</scrolltime>
            <ondown>3002</ondown>
            <preloaditems>2</preloaditems>
            <animation effect="zoom" start="100" end="110" center="auto" condition="true">Conditional</animation>
            <animation effect="slide" start="0" end="-30,-30" condition="true">Conditional</animation>
            <animation effect="zoom" start="100" end="120" center="auto" time="10000" tween="sine" easing="inout" pulse="true" condition="System.IdleTime(8)">Conditional</animation>
            <animation effect="slide" start="0,0" end="60,60" time="6000" tween="sine" easing="inout" pulse="true" condition="System.IdleTime(8)">Conditional</animation>
            <onfocus>SetProperty(TMDbHelper.WidgetContainer,1297,Home)</onfocus>
            <itemlayout width="1920" height="1080">
                <control type="image">
                    <texture background="true">$VAR[Image_Fanart]</texture>
                </control>
            </itemlayout>
            <focusedlayout width="1920" height="1080">
                <control type="image">
                    <texture background="true">$VAR[Image_Fanart]</texture>
                </control>
            </focusedlayout>
            <content target="videos" sortby="random">$VAR[Defs_ScreensaverWidget]</content>
            <include content="Defs_AutoScroll">
                <param name="condition" value="System.IdleTime(3) + [Control.HasFocus(1297) | Control.HasFocus(3101) | Control.HasFocus(3102)]" />
            </include>
        </control>
        <control type="image">
            <bottom>480</bottom>
            <texture background="true" colordiffuse="cdffffff">common/vignette-home.png</texture>
        </control>
        <control type="image">
            <bottom>0</bottom>
            <height>480</height>
            <texture colordiffuse="cdffffff">common/vignette-home-bottom.png</texture>
        </control>
        <control type="group">
            <visible>$EXP[Exp_CommonAnimation] | Control.HasFocus(3002)</visible>
            <include>Animation_FadeInOut</include>
            <include>Global_Background</include>
        </control>

        <control type="group">
            <animation effect="slide" tween="quadratic" time="400" start="0" end="0,320" condition="!Control.HasFocus(3002)">Conditional</animation>
            <visible allowhiddenfocus="true">!$EXP[Exp_CommonAnimation]</visible>
            <include>Animation_Common</include>
            <control type="group">
                <control type="grouplist">
                    <visible allowhiddenfocus="true">!Control.HasFocus(3002)</visible>
                    <animation effect="fade" start="100" end="0" delay="0" time="400" tween="cubic" easing="inout">Hidden</animation>
                    <left>view_pad</left>
                    <top>65</top>
                    <bottom>480</bottom>
                    <width>1100</width>
                    <align>bottom</align>
                    <orientation>vertical</orientation>
                    <usecontrolcoords>true</usecontrolcoords>
                    <itemgap>0</itemgap>
                    <include content="Object_Info_Title">
                        <param name="label" value="$INFO[Container(1297).ListItem.Title]" />
                    </include>
                    <include content="Object_Info_Line">
                        <param name="label" value="$VAR[Label_Home_InfoLine]" />
                        <param name="image" value="$VAR[Image_Home_VideoQuality]" />
                    </include>
                    <include content="Object_Info_Plot">
                        <param name="height" value="80" />
                        <param name="label" value="$INFO[Container(1297).ListItem.Plot]" />
                        <top>10</top>
                    </include>
                    <control type="group">
                        <height>20</height>
                    </control>
                    <control type="grouplist">
                        <left>-20</left>
                        <right>-26</right>
                        <align>left</align>
                        <height>110</height>
                        <onleft>Control.Move(1297,-1)</onleft>
                        <onleft>noop</onleft>
                        <onright>Control.Move(1297,1)</onright>
                        <onright>noop</onright>
                        <orientation>horizontal</orientation>
                        <usecontrolcoords>true</usecontrolcoords>
                        <itemgap>-10</itemgap>
                        <control type="button" id="3199">
                            <visible allowhiddenfocus="true">false</visible>
                            <onfocus>Control.Move(1297,-1)</onfocus>
                            <onfocus>SetFocus(3101)</onfocus>
                        </control>
                        <include content="Object_Info_Button" description="Play">
                            <param name="id" value="3101" />
                            <param name="groupid" value="3201" />
                            <param name="label" value="Play" />
                            <param name="icon" value="special://skin/extras/icons/play3.png" />
                            <param name="visible" value="true" />
                            <ondown>3002</ondown>
                            <onup>Control.Move(1297,1)</onup>
                            <onclick>SetFocus(1297)</onclick>
                            <onclick>Action(Select)</onclick>
                            <onclick>Action(Close)</onclick>
                            <onfocus>SetProperty(TMDbHelper.WidgetContainer,1297,Home)</onfocus>
                        </include>
                        <include content="Object_Info_Button" description="Play">
                            <param name="id" value="3102" />
                            <param name="groupid" value="3202" />
                            <param name="label" value="More Information" />
                            <param name="icon" value="special://skin/extras/icons/info2.png" />
                            <param name="visible" value="true" />
                            <ondown>3002</ondown>
                            <onup>Control.Move(1297,1)</onup>
                            <onclick>SetFocus(1297)</onclick>
                            <onclick>Action(Info)</onclick>
                            <onfocus>SetProperty(TMDbHelper.WidgetContainer,1297,Home)</onfocus>
                        </include>
                        <control type="button" id="3104">
                            <visible allowhiddenfocus="true">false</visible>
                            <onfocus>Control.Move(1297,1)</onfocus>
                            <onfocus>SetFocus(3102)</onfocus>
                        </control>
                    </control>
                </control>
                <control type="grouplist">
                    <visible>Control.HasFocus(3002)</visible>
                    <animation effect="fade" start="0" end="100" delay="0" time="400" tween="cubic" easing="inout">Visible</animation>

                    <left>view_pad</left>
                    <top>65</top>
                    <bottom>480</bottom>
                    <width>1100</width>
                    <align>bottom</align>
                    <orientation>vertical</orientation>
                    <usecontrolcoords>true</usecontrolcoords>
                    <itemgap>0</itemgap>
                    <include content="Object_Info_Title">
                        <param name="label" value="$INFO[Container(3002).ListItem.Title]" />
                    </include>
                    <include content="Object_Info_Line">
                        <param name="container" value="Container(3002)." />
                    </include>
                    <include content="Object_Info_Ratings" condition="!Skin.HasSetting(DisableAllRatings)">
                        <param name="container" value="Container(3002)." />
                    </include>
                    <include content="Object_Info_Plot">
                        <param name="height" value="160" />
                        <param name="label" value="$INFO[Container(3002).ListItem.Plot]" />
                    </include>
                    <control type="group">
                        <height>55</height>
                    </control>
                </control>
                <control type="image">
                    <right>view_pad</right>
                    <bottom>510</bottom>
                    <aspectratio align="right" aligny="bottom">keep</aspectratio>
                    <height>80</height>
                    <fadetime>200</fadetime>
                    <texture background="true">$VAR[Image_Home_ClearLogo]</texture>
                    <include>Animation_FadeInOut</include>
                    <visible>!Control.HAsFocus(3002)</visible>
                </control>
            </control>
            <control type="group">
                <include>View_Pad</include>
                <control type="image">
                    <right>-15</right>
                    <bottom>385</bottom>
                    <height>350</height>
                    <width>700</width>
                    <texture background="true">$VAR[Image_ClearArt]</texture>
                    <aspectratio align="right" aligny="bottom" scalediffuse="false">keep</aspectratio>
                    <bordersize>15</bordersize>
                    <include>Animation_FadeInOut</include>
                    <visible>Control.HAsFocus(3002)</visible>
                </control>
                <include content="Viewtype_BackPanel">
                    <include>Animation_FadeInOut</include>
                    <visible>Control.HAsFocus(3002)</visible>
                    <height>480</height>
                </include>
                <control type="group">
                    <left>-15</left>
                    <bottom>285</bottom>
                    <height>120</height>
                    <animation effect="fade" start="0" end="100" time="300">VisibleChange</animation>
                    <visible>Container(3002).IsUpdating</visible>
                    <include content="Defs_BusySpinner">
                        <param name="label" value="$LOCALIZE[31428]..." />
                        <param name="textcolor" value="main_fg_70" />
                    </include>
                </control>
                <control type="group">
                    <animation effect="fade" start="100" end="0" time="300" reversible="false" condition="Container(3002).IsUpdating">Conditional</animation>
                    <animation effect="fade" start="0" end="100" delay="300" time="300" reversible="false" condition="!Container(3002).IsUpdating">Conditional</animation>
                    <include content="Viewtype_Poster">
                        <param name="id" value="3002" />
                        <bottom>-20</bottom>
                        <left>-80</left>
                        <right>-80</right>
                        <onfocus>SetProperty(TMDbHelper.WidgetContainer,3002,Home)</onfocus>
                        <onup>3101</onup>
                        <content>$VAR[Defs_Showcase_Recs]</content>
                    </include>
                    <include content="Home_Hub_Widget_Label">
                        <param name="id" value="3002" />
                        <param name="label" value="Recommendations" />
                    </include>
                </control>
            </control>
        </control>

        <control type="group">
            <visible allowhiddenfocus="true">!$EXP[Exp_CommonAnimation]</visible>
            <include>Animation_Common</include>
            <include>Topbar_Left</include>
        </control>
        <include condition="!Skin.HasSetting(DisableClock)">Topbar_Right</include>

        <control type="image" id="1298">
            <fadetime>800</fadetime>
            <width>1</width>
            <height>1</height>
            <top>-1000</top>
            <left>-1000</left>
            <texture />
        </control>

        <control type="list" id="56560">
            <include>Defs_Offscreen</include>
            <orientation>horizontal</orientation>
            <itemlayout />
            <focusedlayout />
            <content>
                <include content="Object_56560_Item">
                    <param name="listitem" value="Container(1297).ListItem" />
                </include>
            </content>
        </control>
    </controls>
</window>
